[
    {
        "pk": 94, 
        "model": "core.like", 
        "fields": {
            "liked": true, 
            "created_at": "2015-12-23T20:36:39.124367+00:00", 
            "image": 20854, 
            "user": "admin@mail.com"
        }
    }, 
    {
        "pk": 95, 
        "model": "core.like", 
        "fields": {
            "liked": true, 
            "created_at": "2015-12-23T20:36:40.843976+00:00", 
            "image": 18570, 
            "user": "admin@mail.com"
        }
    }, 
    {
        "pk": 96, 
        "model": "core.like", 
        "fields": {
            "liked": false, 
            "created_at": "2015-12-23T20:37:03.908567+00:00", 
            "image": 14496, 
            "user": "admin@mail.com"
        }
    }, 
    {
        "pk": 97, 
        "model": "core.like", 
        "fields": {
            "liked": false, 
            "created_at": "2015-12-23T20:37:06.007738+00:00", 
            "image": 18200, 
            "user": "admin@mail.com"
        }
    }, 
    {
        "pk": 98, 
        "model": "core.like", 
        "fields": {
            "liked": false, 
            "created_at": "2015-12-23T20:37:09.552524+00:00", 
            "image": 7373, 
            "user": "admin@mail.com"
        }
    }, 
    {
        "pk": 99, 
        "model": "core.like", 
        "fields": {
            "liked": false, 
            "created_at": "2015-12-23T20:37:11.585121+00:00", 
            "image": 17251, 
            "user": "admin@mail.com"
        }
    }, 
    {
        "pk": 100, 
        "model": "core.like", 
        "fields": {
            "liked": false, 
            "created_at": "2015-12-23T20:37:15.788131+00:00", 
            "image": 4935, 
            "user": "admin@mail.com"
        }
    }, 
    {
        "pk": 101, 
        "model": "core.like", 
        "fields": {
            "liked": true, 
            "created_at": "2015-12-25T03:57:42.857794+00:00", 
            "image": 22344, 
            "user": "faidel@entropy-inc.net"
        }
    }, 
    {
        "pk": 102, 
        "model": "core.like", 
        "fields": {
            "liked": true, 
            "created_at": "2015-12-25T03:57:46.971691+00:00", 
            "image": 5573, 
            "user": "faidel@entropy-inc.net"
        }
    }, 
    {
        "pk": 103, 
        "model": "core.like", 
        "fields": {
            "liked": false, 
            "created_at": "2015-12-25T03:57:50.428665+00:00", 
            "image": 11480, 
            "user": "faidel@entropy-inc.net"
        }
    }, 
    {
        "pk": 104, 
        "model": "core.like", 
        "fields": {
            "liked": true, 
            "created_at": "2015-12-25T03:57:52.557246+00:00", 
            "image": 5960, 
            "user": "faidel@entropy-inc.net"
        }
    }, 
    {
        "pk": 105, 
        "model": "core.like", 
        "fields": {
            "liked": false, 
            "created_at": "2015-12-25T03:57:54.290399+00:00", 
            "image": 13544, 
            "user": "faidel@entropy-inc.net"
        }
    }, 
    {
        "pk": 106, 
        "model": "core.like", 
        "fields": {
            "liked": true, 
            "created_at": "2016-01-15T02:18:19.495449+00:00", 
            "image": 8244, 
            "user": "shingalana@gmail.com"
        }
    }, 
    {
        "pk": 107, 
        "model": "core.like", 
        "fields": {
            "liked": true, 
            "created_at": "2016-01-15T02:18:19.985568+00:00", 
            "image": 8981, 
            "user": "shingalana@gmail.com"
        }
    }, 
    {
        "pk": 108, 
        "model": "core.like", 
        "fields": {
            "liked": true, 
            "created_at": "2016-01-15T02:18:21.299937+00:00", 
            "image": 11474, 
            "user": "shingalana@gmail.com"
        }
    }, 
    {
        "pk": 109, 
        "model": "core.like", 
        "fields": {
            "liked": true, 
            "created_at": "2016-01-15T02:18:29.558004+00:00", 
            "image": 20153, 
            "user": "shingalana@gmail.com"
        }
    }, 
    {
        "pk": 110, 
        "model": "core.like", 
        "fields": {
            "liked": true, 
            "created_at": "2016-01-15T02:18:30.481176+00:00", 
            "image": 18175, 
            "user": "shingalana@gmail.com"
        }
    }, 
    {
        "pk": 111, 
        "model": "core.like", 
        "fields": {
            "liked": true, 
            "created_at": "2016-01-15T02:18:31.343116+00:00", 
            "image": 16412, 
            "user": "shingalana@gmail.com"
        }
    }, 
    {
        "pk": 112, 
        "model": "core.like", 
        "fields": {
            "liked": true, 
            "created_at": "2016-01-15T02:18:32.160372+00:00", 
            "image": 17974, 
            "user": "shingalana@gmail.com"
        }
    }, 
    {
        "pk": 113, 
        "model": "core.like", 
        "fields": {
            "liked": true, 
            "created_at": "2016-01-15T02:18:34.253430+00:00", 
            "image": 13948, 
            "user": "shingalana@gmail.com"
        }
    }, 
    {
        "pk": 114, 
        "model": "core.like", 
        "fields": {
            "liked": true, 
            "created_at": "2016-01-15T02:18:36.543022+00:00", 
            "image": 10756, 
            "user": "shingalana@gmail.com"
        }
    }, 
    {
        "pk": 115, 
        "model": "core.like", 
        "fields": {
            "liked": true, 
            "created_at": "2016-01-15T02:18:40.901392+00:00", 
            "image": 6500, 
            "user": "shingalana@gmail.com"
        }
    }, 
    {
        "pk": 116, 
        "model": "core.like", 
        "fields": {
            "liked": true, 
            "created_at": "2016-01-15T02:18:42.296651+00:00", 
            "image": 8516, 
            "user": "shingalana@gmail.com"
        }
    }, 
    {
        "pk": 117, 
        "model": "core.like", 
        "fields": {
            "liked": true, 
            "created_at": "2016-01-15T02:18:43.338544+00:00", 
            "image": 16095, 
            "user": "shingalana@gmail.com"
        }
    }, 
    {
        "pk": 118, 
        "model": "core.like", 
        "fields": {
            "liked": true, 
            "created_at": "2016-01-15T02:20:07.800815+00:00", 
            "image": 5033, 
            "user": "shingalana@gmail.com"
        }
    }, 
    {
        "pk": 119, 
        "model": "core.like", 
        "fields": {
            "liked": false, 
            "created_at": "2016-01-16T02:55:38.529360+00:00", 
            "image": 7311, 
            "user": "faidel@gmail.com"
        }
    }, 
    {
        "pk": 120, 
        "model": "core.like", 
        "fields": {
            "liked": false, 
            "created_at": "2016-01-16T02:55:42.309704+00:00", 
            "image": 17948, 
            "user": "faidel@gmail.com"
        }
    }, 
    {
        "pk": 121, 
        "model": "core.like", 
        "fields": {
            "liked": true, 
            "created_at": "2016-01-16T02:55:46.738620+00:00", 
            "image": 15085, 
            "user": "faidel@gmail.com"
        }
    }, 
    {
        "pk": 122, 
        "model": "core.like", 
        "fields": {
            "liked": false, 
            "created_at": "2016-01-16T02:55:54.251054+00:00", 
            "image": 17679, 
            "user": "faidel@gmail.com"
        }
    }, 
    {
        "pk": 123, 
        "model": "core.like", 
        "fields": {
            "liked": false, 
            "created_at": "2016-01-16T02:56:55.483942+00:00", 
            "image": 4623, 
            "user": "faidel@gmail.com"
        }
    }, 
    {
        "pk": 124, 
        "model": "core.like", 
        "fields": {
            "liked": true, 
            "created_at": "2016-01-16T02:57:02.444858+00:00", 
            "image": 6587, 
            "user": "faidel@gmail.com"
        }
    }, 
    {
        "pk": 125, 
        "model": "core.like", 
        "fields": {
            "liked": false, 
            "created_at": "2016-01-16T02:57:08.354059+00:00", 
            "image": 7317, 
            "user": "faidel@gmail.com"
        }
    }, 
    {
        "pk": 126, 
        "model": "core.like", 
        "fields": {
            "liked": true, 
            "created_at": "2016-01-16T02:57:40.608337+00:00", 
            "image": 7664, 
            "user": "faidel@gmail.com"
        }
    }, 
    {
        "pk": 127, 
        "model": "core.like", 
        "fields": {
            "liked": true, 
            "created_at": "2016-01-16T02:57:44.397229+00:00", 
            "image": 10083, 
            "user": "faidel@gmail.com"
        }
    }, 
    {
        "pk": 128, 
        "model": "core.like", 
        "fields": {
            "liked": true, 
            "created_at": "2016-01-16T02:58:01.046099+00:00", 
            "image": 6501, 
            "user": "faidel@gmail.com"
        }
    }, 
    {
        "pk": 129, 
        "model": "core.like", 
        "fields": {
            "liked": true, 
            "created_at": "2016-01-16T04:19:36.047041+00:00", 
            "image": 6556, 
            "user": "faidel@gmail.com"
        }
    }, 
    {
        "pk": 130, 
        "model": "core.like", 
        "fields": {
            "liked": true, 
            "created_at": "2016-01-16T04:19:38.248390+00:00", 
            "image": 12456, 
            "user": "faidel@gmail.com"
        }
    }, 
    {
        "pk": 131, 
        "model": "core.like", 
        "fields": {
            "liked": true, 
            "created_at": "2016-01-16T04:19:41.814713+00:00", 
            "image": 5676, 
            "user": "faidel@gmail.com"
        }
    }, 
    {
        "pk": 132, 
        "model": "core.like", 
        "fields": {
            "liked": false, 
            "created_at": "2016-01-16T04:19:44.462788+00:00", 
            "image": 8590, 
            "user": "faidel@gmail.com"
        }
    }, 
    {
        "pk": 133, 
        "model": "core.like", 
        "fields": {
            "liked": true, 
            "created_at": "2016-01-16T04:19:50.573424+00:00", 
            "image": 12470, 
            "user": "faidel@gmail.com"
        }
    }, 
    {
        "pk": 134, 
        "model": "core.like", 
        "fields": {
            "liked": true, 
            "created_at": "2016-01-16T10:04:56.208727+00:00", 
            "image": 18685, 
            "user": "faidel@gmail.com"
        }
    }, 
    {
        "pk": 135, 
        "model": "core.like", 
        "fields": {
            "liked": true, 
            "created_at": "2016-02-04T07:48:40.945345+00:00", 
            "image": 12787, 
            "user": "p.goliasz@gmail.com"
        }
    }, 
    {
        "pk": 136, 
        "model": "core.like", 
        "fields": {
            "liked": true, 
            "created_at": "2016-02-04T07:48:43.032362+00:00", 
            "image": 2145, 
            "user": "p.goliasz@gmail.com"
        }
    }, 
    {
        "pk": 137, 
        "model": "core.like", 
        "fields": {
            "liked": true, 
            "created_at": "2016-02-04T07:48:52.534159+00:00", 
            "image": 12116, 
            "user": "p.goliasz@gmail.com"
        }
    }, 
    {
        "pk": 138, 
        "model": "core.like", 
        "fields": {
            "liked": true, 
            "created_at": "2016-02-04T07:49:06.023535+00:00", 
            "image": 1033, 
            "user": "p.goliasz@gmail.com"
        }
    }, 
    {
        "pk": 139, 
        "model": "core.like", 
        "fields": {
            "liked": true, 
            "created_at": "2016-02-04T07:49:10.004874+00:00", 
            "image": 1408, 
            "user": "p.goliasz@gmail.com"
        }
    }, 
    {
        "pk": 192, 
        "model": "core.like", 
        "fields": {
            "liked": true, 
            "created_at": "2016-02-12T04:52:47.509010+00:00", 
            "image": 5512, 
            "user": "cyanidemakesit@gmail.com"
        }
    }, 
    {
        "pk": 193, 
        "model": "core.like", 
        "fields": {
            "liked": true, 
            "created_at": "2016-02-12T04:52:57.910294+00:00", 
            "image": 15153, 
            "user": "cyanidemakesit@gmail.com"
        }
    }, 
    {
        "pk": 194, 
        "model": "core.like", 
        "fields": {
            "liked": false, 
            "created_at": "2016-02-12T04:53:06.187752+00:00", 
            "image": 12456, 
            "user": "cyanidemakesit@gmail.com"
        }
    }, 
    {
        "pk": 195, 
        "model": "core.like", 
        "fields": {
            "liked": false, 
            "created_at": "2016-02-12T04:53:13.717149+00:00", 
            "image": 6303, 
            "user": "cyanidemakesit@gmail.com"
        }
    }, 
    {
        "pk": 196, 
        "model": "core.like", 
        "fields": {
            "liked": true, 
            "created_at": "2016-02-12T04:53:20.957628+00:00", 
            "image": 8387, 
            "user": "cyanidemakesit@gmail.com"
        }
    }, 
    {
        "pk": 149, 
        "model": "core.like", 
        "fields": {
            "liked": true, 
            "created_at": "2016-02-11T05:56:08.261829+00:00", 
            "image": 20343, 
            "user": "cyanidemakesit@gmail.com"
        }
    }, 
    {
        "pk": 150, 
        "model": "core.like", 
        "fields": {
            "liked": true, 
            "created_at": "2016-02-11T05:56:20.555247+00:00", 
            "image": 12858, 
            "user": "cyanidemakesit@gmail.com"
        }
    }, 
    {
        "pk": 151, 
        "model": "core.like", 
        "fields": {
            "liked": false, 
            "created_at": "2016-02-11T05:56:26.354072+00:00", 
            "image": 10622, 
            "user": "cyanidemakesit@gmail.com"
        }
    }, 
    {
        "pk": 152, 
        "model": "core.like", 
        "fields": {
            "liked": true, 
            "created_at": "2016-02-11T05:56:30.725042+00:00", 
            "image": 10563, 
            "user": "cyanidemakesit@gmail.com"
        }
    }, 
    {
        "pk": 153, 
        "model": "core.like", 
        "fields": {
            "liked": false, 
            "created_at": "2016-02-11T05:56:42.599345+00:00", 
            "image": 12423, 
            "user": "cyanidemakesit@gmail.com"
        }
    }, 
    {
        "pk": 154, 
        "model": "core.like", 
        "fields": {
            "liked": true, 
            "created_at": "2016-02-11T05:56:48.821561+00:00", 
            "image": 8125, 
            "user": "cyanidemakesit@gmail.com"
        }
    }, 
    {
        "pk": 155, 
        "model": "core.like", 
        "fields": {
            "liked": true, 
            "created_at": "2016-02-11T05:57:35.694755+00:00", 
            "image": 16116, 
            "user": "cyanidemakesit@gmail.com"
        }
    }, 
    {
        "pk": 156, 
        "model": "core.like", 
        "fields": {
            "liked": true, 
            "created_at": "2016-02-11T05:57:39.104513+00:00", 
            "image": 8002, 
            "user": "cyanidemakesit@gmail.com"
        }
    }, 
    {
        "pk": 157, 
        "model": "core.like", 
        "fields": {
            "liked": true, 
            "created_at": "2016-02-11T05:57:41.529178+00:00", 
            "image": 2022, 
            "user": "cyanidemakesit@gmail.com"
        }
    }, 
    {
        "pk": 158, 
        "model": "core.like", 
        "fields": {
            "liked": true, 
            "created_at": "2016-02-11T05:57:47.336151+00:00", 
            "image": 5383, 
            "user": "cyanidemakesit@gmail.com"
        }
    }, 
    {
        "pk": 159, 
        "model": "core.like", 
        "fields": {
            "liked": true, 
            "created_at": "2016-02-11T05:57:47.927771+00:00", 
            "image": 19806, 
            "user": "cyanidemakesit@gmail.com"
        }
    }, 
    {
        "pk": 160, 
        "model": "core.like", 
        "fields": {
            "liked": false, 
            "created_at": "2016-02-11T05:57:52.071914+00:00", 
            "image": 496, 
            "user": "cyanidemakesit@gmail.com"
        }
    }, 
    {
        "pk": 161, 
        "model": "core.like", 
        "fields": {
            "liked": true, 
            "created_at": "2016-02-11T05:57:59.941752+00:00", 
            "image": 21413, 
            "user": "cyanidemakesit@gmail.com"
        }
    }, 
    {
        "pk": 162, 
        "model": "core.like", 
        "fields": {
            "liked": true, 
            "created_at": "2016-02-11T06:07:00.065611+00:00", 
            "image": 8502, 
            "user": "cyanidemakesit@gmail.com"
        }
    }, 
    {
        "pk": 163, 
        "model": "core.like", 
        "fields": {
            "liked": true, 
            "created_at": "2016-02-11T06:07:03.191514+00:00", 
            "image": 2233, 
            "user": "cyanidemakesit@gmail.com"
        }
    }, 
    {
        "pk": 164, 
        "model": "core.like", 
        "fields": {
            "liked": true, 
            "created_at": "2016-02-11T06:07:05.500821+00:00", 
            "image": 20045, 
            "user": "cyanidemakesit@gmail.com"
        }
    }, 
    {
        "pk": 165, 
        "model": "core.like", 
        "fields": {
            "liked": true, 
            "created_at": "2016-02-11T06:07:15.172293+00:00", 
            "image": 11722, 
            "user": "cyanidemakesit@gmail.com"
        }
    }, 
    {
        "pk": 166, 
        "model": "core.like", 
        "fields": {
            "liked": true, 
            "created_at": "2016-02-11T06:07:17.192066+00:00", 
            "image": 3198, 
            "user": "cyanidemakesit@gmail.com"
        }
    }, 
    {
        "pk": 167, 
        "model": "core.like", 
        "fields": {
            "liked": true, 
            "created_at": "2016-02-11T11:05:38.019808+00:00", 
            "image": 4382, 
            "user": "maximzxc@gmail.com"
        }
    }, 
    {
        "pk": 168, 
        "model": "core.like", 
        "fields": {
            "liked": true, 
            "created_at": "2016-02-11T11:05:42.672876+00:00", 
            "image": 17605, 
            "user": "maximzxc@gmail.com"
        }
    }, 
    {
        "pk": 169, 
        "model": "core.like", 
        "fields": {
            "liked": true, 
            "created_at": "2016-02-11T11:05:45.942826+00:00", 
            "image": 19058, 
            "user": "maximzxc@gmail.com"
        }
    }, 
    {
        "pk": 170, 
        "model": "core.like", 
        "fields": {
            "liked": false, 
            "created_at": "2016-02-11T11:05:48.435577+00:00", 
            "image": 999, 
            "user": "maximzxc@gmail.com"
        }
    }, 
    {
        "pk": 171, 
        "model": "core.like", 
        "fields": {
            "liked": false, 
            "created_at": "2016-02-11T11:05:51.902510+00:00", 
            "image": 20892, 
            "user": "maximzxc@gmail.com"
        }
    }, 
    {
        "pk": 93, 
        "model": "core.like", 
        "fields": {
            "liked": true, 
            "created_at": "2015-12-23T08:17:09.121612+00:00", 
            "image": 481, 
            "user": "admin@mail.com"
        }
    }, 
    {
        "pk": 172, 
        "model": "core.like", 
        "fields": {
            "liked": false, 
            "created_at": "2016-02-11T11:05:54.431711+00:00", 
            "image": 19383, 
            "user": "maximzxc@gmail.com"
        }
    }, 
    {
        "pk": 173, 
        "model": "core.like", 
        "fields": {
            "liked": true, 
            "created_at": "2016-02-11T11:12:48.352993+00:00", 
            "image": 20514, 
            "user": "khlestovnikita@gmail.com"
        }
    }, 
    {
        "pk": 174, 
        "model": "core.like", 
        "fields": {
            "liked": false, 
            "created_at": "2016-02-11T11:12:51.655232+00:00", 
            "image": 19946, 
            "user": "khlestovnikita@gmail.com"
        }
    }, 
    {
        "pk": 175, 
        "model": "core.like", 
        "fields": {
            "liked": false, 
            "created_at": "2016-02-11T11:12:56.493305+00:00", 
            "image": 5089, 
            "user": "khlestovnikita@gmail.com"
        }
    }, 
    {
        "pk": 176, 
        "model": "core.like", 
        "fields": {
            "liked": false, 
            "created_at": "2016-02-11T11:12:58.510869+00:00", 
            "image": 14219, 
            "user": "khlestovnikita@gmail.com"
        }
    }, 
    {
        "pk": 177, 
        "model": "core.like", 
        "fields": {
            "liked": true, 
            "created_at": "2016-02-11T11:13:03.555486+00:00", 
            "image": 17801, 
            "user": "khlestovnikita@gmail.com"
        }
    }, 
    {
        "pk": 178, 
        "model": "core.like", 
        "fields": {
            "liked": true, 
            "created_at": "2016-02-11T11:13:05.850763+00:00", 
            "image": 15900, 
            "user": "khlestovnikita@gmail.com"
        }
    }, 
    {
        "pk": 179, 
        "model": "core.like", 
        "fields": {
            "liked": true, 
            "created_at": "2016-02-11T11:13:08.095710+00:00", 
            "image": 4982, 
            "user": "khlestovnikita@gmail.com"
        }
    }, 
    {
        "pk": 180, 
        "model": "core.like", 
        "fields": {
            "liked": true, 
            "created_at": "2016-02-11T11:13:18.128281+00:00", 
            "image": 16689, 
            "user": "khlestovnikita@gmail.com"
        }
    }, 
    {
        "pk": 181, 
        "model": "core.like", 
        "fields": {
            "liked": true, 
            "created_at": "2016-02-11T14:44:39.733843+00:00", 
            "image": 7832, 
            "user": "yulya-link@mail.ru"
        }
    }, 
    {
        "pk": 182, 
        "model": "core.like", 
        "fields": {
            "liked": true, 
            "created_at": "2016-02-11T14:44:40.368121+00:00", 
            "image": 14671, 
            "user": "yulya-link@mail.ru"
        }
    }, 
    {
        "pk": 183, 
        "model": "core.like", 
        "fields": {
            "liked": true, 
            "created_at": "2016-02-12T04:51:57.787464+00:00", 
            "image": 922, 
            "user": "cyanidemakesit@gmail.com"
        }
    }, 
    {
        "pk": 184, 
        "model": "core.like", 
        "fields": {
            "liked": true, 
            "created_at": "2016-02-12T04:52:00.567077+00:00", 
            "image": 12854, 
            "user": "cyanidemakesit@gmail.com"
        }
    }, 
    {
        "pk": 185, 
        "model": "core.like", 
        "fields": {
            "liked": false, 
            "created_at": "2016-02-12T04:52:08.069117+00:00", 
            "image": 11498, 
            "user": "cyanidemakesit@gmail.com"
        }
    }, 
    {
        "pk": 186, 
        "model": "core.like", 
        "fields": {
            "liked": false, 
            "created_at": "2016-02-12T04:52:10.115609+00:00", 
            "image": 20515, 
            "user": "cyanidemakesit@gmail.com"
        }
    }, 
    {
        "pk": 187, 
        "model": "core.like", 
        "fields": {
            "liked": true, 
            "created_at": "2016-02-12T04:52:14.075097+00:00", 
            "image": 4279, 
            "user": "cyanidemakesit@gmail.com"
        }
    }, 
    {
        "pk": 188, 
        "model": "core.like", 
        "fields": {
            "liked": true, 
            "created_at": "2016-02-12T04:52:15.818885+00:00", 
            "image": 18120, 
            "user": "cyanidemakesit@gmail.com"
        }
    }, 
    {
        "pk": 189, 
        "model": "core.like", 
        "fields": {
            "liked": false, 
            "created_at": "2016-02-12T04:52:34.629897+00:00", 
            "image": 13512, 
            "user": "cyanidemakesit@gmail.com"
        }
    }, 
    {
        "pk": 190, 
        "model": "core.like", 
        "fields": {
            "liked": false, 
            "created_at": "2016-02-12T04:52:40.579900+00:00", 
            "image": 9762, 
            "user": "cyanidemakesit@gmail.com"
        }
    }, 
    {
        "pk": 191, 
        "model": "core.like", 
        "fields": {
            "liked": false, 
            "created_at": "2016-02-12T04:52:44.306143+00:00", 
            "image": 4871, 
            "user": "cyanidemakesit@gmail.com"
        }
    }, 
    {
        "pk": 197, 
        "model": "core.like", 
        "fields": {
            "liked": false, 
            "created_at": "2016-02-12T04:53:24.641084+00:00", 
            "image": 10932, 
            "user": "cyanidemakesit@gmail.com"
        }
    }, 
    {
        "pk": 198, 
        "model": "core.like", 
        "fields": {
            "liked": false, 
            "created_at": "2016-02-12T04:53:27.525199+00:00", 
            "image": 10023, 
            "user": "cyanidemakesit@gmail.com"
        }
    }, 
    {
        "pk": 199, 
        "model": "core.like", 
        "fields": {
            "liked": false, 
            "created_at": "2016-02-12T04:53:29.863512+00:00", 
            "image": 4217, 
            "user": "cyanidemakesit@gmail.com"
        }
    }, 
    {
        "pk": 200, 
        "model": "core.like", 
        "fields": {
            "liked": false, 
            "created_at": "2016-02-12T04:53:38.946971+00:00", 
            "image": 20320, 
            "user": "cyanidemakesit@gmail.com"
        }
    }, 
    {
        "pk": 201, 
        "model": "core.like", 
        "fields": {
            "liked": false, 
            "created_at": "2016-02-12T04:53:46.319476+00:00", 
            "image": 18767, 
            "user": "cyanidemakesit@gmail.com"
        }
    }, 
    {
        "pk": 202, 
        "model": "core.like", 
        "fields": {
            "liked": false, 
            "created_at": "2016-02-12T04:53:51.196366+00:00", 
            "image": 7555, 
            "user": "cyanidemakesit@gmail.com"
        }
    }, 
    {
        "pk": 203, 
        "model": "core.like", 
        "fields": {
            "liked": true, 
            "created_at": "2016-02-12T04:53:55.628902+00:00", 
            "image": 11862, 
            "user": "cyanidemakesit@gmail.com"
        }
    }, 
    {
        "pk": 204, 
        "model": "core.like", 
        "fields": {
            "liked": false, 
            "created_at": "2016-02-12T08:44:52.649055+00:00", 
            "image": 11521, 
            "user": "admin@mail.com"
        }
    }, 
    {
        "pk": 205, 
        "model": "core.like", 
        "fields": {
            "liked": false, 
            "created_at": "2016-02-12T08:44:55.976657+00:00", 
            "image": 21225, 
            "user": "admin@mail.com"
        }
    }, 
    {
        "pk": 206, 
        "model": "core.like", 
        "fields": {
            "liked": false, 
            "created_at": "2016-02-12T08:45:01.819284+00:00", 
            "image": 18723, 
            "user": "admin@mail.com"
        }
    }, 
    {
        "pk": 207, 
        "model": "core.like", 
        "fields": {
            "liked": true, 
            "created_at": "2016-02-12T08:45:06.786177+00:00", 
            "image": 12099, 
            "user": "admin@mail.com"
        }
    }, 
    {
        "pk": 208, 
        "model": "core.like", 
        "fields": {
            "liked": true, 
            "created_at": "2016-02-12T08:45:11.184409+00:00", 
            "image": 16302, 
            "user": "admin@mail.com"
        }
    }, 
    {
        "pk": 209, 
        "model": "core.like", 
        "fields": {
            "liked": true, 
            "created_at": "2016-02-12T15:06:30.756691+00:00", 
            "image": 8209, 
            "user": "funki@torba.com"
        }
    }, 
    {
        "pk": 210, 
        "model": "core.like", 
        "fields": {
            "liked": true, 
            "created_at": "2016-02-12T15:06:37.820866+00:00", 
            "image": 5155, 
            "user": "funki@torba.com"
        }
    }, 
    {
        "pk": 211, 
        "model": "core.like", 
        "fields": {
            "liked": true, 
            "created_at": "2016-02-12T15:06:40.507379+00:00", 
            "image": 6566, 
            "user": "funki@torba.com"
        }
    }, 
    {
        "pk": 212, 
        "model": "core.like", 
        "fields": {
            "liked": true, 
            "created_at": "2016-02-12T15:06:42.590943+00:00", 
            "image": 19296, 
            "user": "funki@torba.com"
        }
    }, 
    {
        "pk": 213, 
        "model": "core.like", 
        "fields": {
            "liked": true, 
            "created_at": "2016-02-12T15:06:48.721085+00:00", 
            "image": 15184, 
            "user": "funki@torba.com"
        }
    }, 
    {
        "pk": 214, 
        "model": "core.like", 
        "fields": {
            "liked": true, 
            "created_at": "2016-02-12T15:06:52.543649+00:00", 
            "image": 15716, 
            "user": "funki@torba.com"
        }
    }, 
    {
        "pk": 215, 
        "model": "core.like", 
        "fields": {
            "liked": true, 
            "created_at": "2016-02-12T15:07:00.442472+00:00", 
            "image": 901, 
            "user": "funki@torba.com"
        }
    }, 
    {
        "pk": 216, 
        "model": "core.like", 
        "fields": {
            "liked": true, 
            "created_at": "2016-02-12T15:07:03.866030+00:00", 
            "image": 10754, 
            "user": "funki@torba.com"
        }
    }, 
    {
        "pk": 217, 
        "model": "core.like", 
        "fields": {
            "liked": true, 
            "created_at": "2016-02-12T15:13:18.165291+00:00", 
            "image": 11404, 
            "user": "funki@torba.com"
        }
    }, 
    {
        "pk": 218, 
        "model": "core.like", 
        "fields": {
            "liked": true, 
            "created_at": "2016-02-12T15:13:21.775970+00:00", 
            "image": 11184, 
            "user": "funki@torba.com"
        }
    }, 
    {
        "pk": 219, 
        "model": "core.like", 
        "fields": {
            "liked": true, 
            "created_at": "2016-02-12T15:13:30.845135+00:00", 
            "image": 14121, 
            "user": "funki@torba.com"
        }
    }, 
    {
        "pk": 220, 
        "model": "core.like", 
        "fields": {
            "liked": true, 
            "created_at": "2016-02-12T15:13:34.171967+00:00", 
            "image": 6693, 
            "user": "funki@torba.com"
        }
    }, 
    {
        "pk": 221, 
        "model": "core.like", 
        "fields": {
            "liked": true, 
            "created_at": "2016-02-12T15:13:35.954668+00:00", 
            "image": 14068, 
            "user": "funki@torba.com"
        }
    }, 
    {
        "pk": 222, 
        "model": "core.like", 
        "fields": {
            "liked": true, 
            "created_at": "2016-02-12T15:13:38.516595+00:00", 
            "image": 10050, 
            "user": "funki@torba.com"
        }
    }, 
    {
        "pk": 223, 
        "model": "core.like", 
        "fields": {
            "liked": true, 
            "created_at": "2016-02-12T15:13:42.011192+00:00", 
            "image": 14640, 
            "user": "funki@torba.com"
        }
    }, 
    {
        "pk": 224, 
        "model": "core.like", 
        "fields": {
            "liked": true, 
            "created_at": "2016-02-12T15:13:47.435819+00:00", 
            "image": 11273, 
            "user": "funki@torba.com"
        }
    }, 
    {
        "pk": 225, 
        "model": "core.like", 
        "fields": {
            "liked": true, 
            "created_at": "2016-02-12T15:13:50.698800+00:00", 
            "image": 1909, 
            "user": "funki@torba.com"
        }
    }, 
    {
        "pk": 226, 
        "model": "core.like", 
        "fields": {
            "liked": true, 
            "created_at": "2016-02-12T15:13:51.948473+00:00", 
            "image": 21845, 
            "user": "funki@torba.com"
        }
    }, 
    {
        "pk": 227, 
        "model": "core.like", 
        "fields": {
            "liked": false, 
            "created_at": "2016-02-12T15:13:54.007065+00:00", 
            "image": 15364, 
            "user": "funki@torba.com"
        }
    }, 
    {
        "pk": 228, 
        "model": "core.like", 
        "fields": {
            "liked": true, 
            "created_at": "2016-02-12T15:13:56.895485+00:00", 
            "image": 14600, 
            "user": "funki@torba.com"
        }
    }, 
    {
        "pk": 229, 
        "model": "core.like", 
        "fields": {
            "liked": true, 
            "created_at": "2016-02-12T15:13:58.289288+00:00", 
            "image": 20447, 
            "user": "funki@torba.com"
        }
    }, 
    {
        "pk": 230, 
        "model": "core.like", 
        "fields": {
            "liked": true, 
            "created_at": "2016-02-12T15:14:04.274857+00:00", 
            "image": 17457, 
            "user": "funki@torba.com"
        }
    }, 
    {
        "pk": 231, 
        "model": "core.like", 
        "fields": {
            "liked": true, 
            "created_at": "2016-02-12T15:14:06.673888+00:00", 
            "image": 6546, 
            "user": "funki@torba.com"
        }
    }, 
    {
        "pk": 232, 
        "model": "core.like", 
        "fields": {
            "liked": true, 
            "created_at": "2016-02-12T15:14:10.205475+00:00", 
            "image": 591, 
            "user": "funki@torba.com"
        }
    }, 
    {
        "pk": 233, 
        "model": "core.like", 
        "fields": {
            "liked": true, 
            "created_at": "2016-02-15T10:14:32.574819+00:00", 
            "image": 11116, 
            "user": "funki@torba.com"
        }
    }, 
    {
        "pk": 234, 
        "model": "core.like", 
        "fields": {
            "liked": true, 
            "created_at": "2016-02-16T11:57:55.538792+00:00", 
            "image": 15699, 
            "user": "funki@torba.com"
        }
    }, 
    {
        "pk": 235, 
        "model": "core.like", 
        "fields": {
            "liked": true, 
            "created_at": "2016-02-16T12:03:40.583949+00:00", 
            "image": 19983, 
            "user": "funki@torba.com"
        }
    }, 
    {
        "pk": 236, 
        "model": "core.like", 
        "fields": {
            "liked": true, 
            "created_at": "2016-02-16T12:04:33.647722+00:00", 
            "image": 20692, 
            "user": "funki@torba.com"
        }
    }, 
    {
        "pk": 237, 
        "model": "core.like", 
        "fields": {
            "liked": false, 
            "created_at": "2016-02-16T12:12:53.288003+00:00", 
            "image": 10377, 
            "user": "funki@torba.com"
        }
    }, 
    {
        "pk": 238, 
        "model": "core.like", 
        "fields": {
            "liked": false, 
            "created_at": "2016-02-16T12:14:12.191955+00:00", 
            "image": 12197, 
            "user": "funki@torba.com"
        }
    }, 
    {
        "pk": 239, 
        "model": "core.like", 
        "fields": {
            "liked": true, 
            "created_at": "2016-02-16T12:17:25.199310+00:00", 
            "image": 4597, 
            "user": "funki@torba.com"
        }
    }
]