[
    {
        "pk": 94, 
        "model": "core.like", 
        "fields": {
            "liked": true, 
            "created_at": "2015-12-23T20:36:39.124367+00:00", 
            "image": "https://scontent.cdninstagram.com/hphotos-xaf1/t51.2885-15/s640x640/sh0.08/e35/12081270_1681916912020803_974552348_n.jpg", 
            "user": "user.1"
        }
    }, 
    {
        "pk": 95, 
        "model": "core.like", 
        "fields": {
            "liked": true, 
            "created_at": "2015-12-23T20:36:40.843976+00:00", 
            "image": "https://scontent.cdninstagram.com/hphotos-xaf1/t51.2885-15/s640x640/sh0.08/e35/12093835_1650103405271962_1447654672_n.jpg", 
            "user": "user.1"
        }
    }, 
    {
        "pk": 96, 
        "model": "core.like", 
        "fields": {
            "liked": false, 
            "created_at": "2015-12-23T20:37:03.908567+00:00", 
            "image": "https://scontent.cdninstagram.com/hphotos-xaf1/t51.2885-15/e35/12093768_659307654203675_1674451878_n.jpg", 
            "user": "user.1"
        }
    }, 
    {
        "pk": 97, 
        "model": "core.like", 
        "fields": {
            "liked": false, 
            "created_at": "2015-12-23T20:37:06.007738+00:00", 
            "image": "https://scontent.cdninstagram.com/hphotos-xaf1/t51.2885-15/s640x640/sh0.08/e35/12080451_981338731947595_278198999_n.jpg", 
            "user": "user.1"
        }
    }, 
    {
        "pk": 98, 
        "model": "core.like", 
        "fields": {
            "liked": false, 
            "created_at": "2015-12-23T20:37:09.552524+00:00", 
            "image": "https://scontent.cdninstagram.com/hphotos-xpf1/t51.2885-15/s640x640/sh0.08/e35/10848341_976773549062560_1951591329_n.jpg", 
            "user": "user.1"
        }
    }, 
    {
        "pk": 99, 
        "model": "core.like", 
        "fields": {
            "liked": false, 
            "created_at": "2015-12-23T20:37:11.585121+00:00", 
            "image": "https://scontent.cdninstagram.com/hphotos-xfa1/t51.2885-15/s640x640/sh0.08/e35/12145442_552909294872749_248152052_n.jpg", 
            "user": "user.1"
        }
    }, 
    {
        "pk": 100, 
        "model": "core.like", 
        "fields": {
            "liked": false, 
            "created_at": "2015-12-23T20:37:15.788131+00:00", 
            "image": "https://scontent.cdninstagram.com/hphotos-xaf1/t51.2885-15/s640x640/sh0.08/e35/12107463_723363904463405_1140483786_n.jpg", 
            "user": "user.1"
        }
    }, 
    {
        "pk": 101, 
        "model": "core.like", 
        "fields": {
            "liked": true, 
            "created_at": "2015-12-25T03:57:42.857794+00:00", 
            "image": "https://scontent.cdninstagram.com/hphotos-xaf1/t51.2885-15/s640x640/sh0.08/e35/12104945_881005618683376_2121810425_n.jpg", 
            "user": "user.2"
        }
    }, 
    {
        "pk": 102, 
        "model": "core.like", 
        "fields": {
            "liked": true, 
            "created_at": "2015-12-25T03:57:46.971691+00:00", 
            "image": "https://scontent.cdninstagram.com/hphotos-xfa1/t51.2885-15/s640x640/sh0.08/e35/12080645_739609972838930_1717479942_n.jpg", 
            "user": "user.2"
        }
    }, 
    {
        "pk": 103, 
        "model": "core.like", 
        "fields": {
            "liked": false, 
            "created_at": "2015-12-25T03:57:50.428665+00:00", 
            "image": "https://scontent.cdninstagram.com/hphotos-xfa1/t51.2885-15/e35/12071093_482276898613522_1016627343_n.jpg", 
            "user": "user.2"
        }
    }, 
    {
        "pk": 104, 
        "model": "core.like", 
        "fields": {
            "liked": true, 
            "created_at": "2015-12-25T03:57:52.557246+00:00", 
            "image": "https://scontent.cdninstagram.com/hphotos-xaf1/t51.2885-15/s480x480/e35/12081111_1102942253051954_1723258238_n.jpg", 
            "user": "user.2"
        }
    }, 
    {
        "pk": 105, 
        "model": "core.like", 
        "fields": {
            "liked": false, 
            "created_at": "2015-12-25T03:57:54.290399+00:00", 
            "image": "https://scontent.cdninstagram.com/hphotos-xaf1/t51.2885-15/e35/12142636_1482108142093251_539259570_n.jpg", 
            "user": "user.2"
        }
    }, 
    {
        "pk": 106, 
        "model": "core.like", 
        "fields": {
            "liked": true, 
            "created_at": "2016-01-15T02:18:19.495449+00:00", 
            "image": "https://scontent.cdninstagram.com/hphotos-xaf1/t51.2885-15/s480x480/e35/12135393_1027795160575132_1730392877_n.jpg", 
            "user": "user.6"
        }
    }, 
    {
        "pk": 107, 
        "model": "core.like", 
        "fields": {
            "liked": true, 
            "created_at": "2016-01-15T02:18:19.985568+00:00", 
            "image": "https://scontent.cdninstagram.com/hphotos-xaf1/t51.2885-15/s640x640/sh0.08/e35/12145426_1136524869709654_1843675914_n.jpg", 
            "user": "user.6"
        }
    }, 
    {
        "pk": 108, 
        "model": "core.like", 
        "fields": {
            "liked": true, 
            "created_at": "2016-01-15T02:18:21.299937+00:00", 
            "image": "https://scontent.cdninstagram.com/hphotos-xfa1/t51.2885-15/s640x640/sh0.08/e35/12139694_444017485782097_1667821773_n.jpg", 
            "user": "user.6"
        }
    }, 
    {
        "pk": 109, 
        "model": "core.like", 
        "fields": {
            "liked": true, 
            "created_at": "2016-01-15T02:18:29.558004+00:00", 
            "image": "https://scontent.cdninstagram.com/hphotos-xaf1/t51.2885-15/s640x640/sh0.08/e35/12144018_474005906104361_1316443829_n.jpg", 
            "user": "user.6"
        }
    }, 
    {
        "pk": 110, 
        "model": "core.like", 
        "fields": {
            "liked": true, 
            "created_at": "2016-01-15T02:18:30.481176+00:00", 
            "image": "https://scontent.cdninstagram.com/hphotos-xaf1/t51.2885-15/s640x640/sh0.08/e35/12145020_169503066730052_256427623_n.jpg", 
            "user": "user.6"
        }
    }, 
    {
        "pk": 111, 
        "model": "core.like", 
        "fields": {
            "liked": true, 
            "created_at": "2016-01-15T02:18:31.343116+00:00", 
            "image": "https://scontent.cdninstagram.com/hphotos-xfa1/t51.2885-15/s640x640/sh0.08/e35/12132890_740016746103128_1977446792_n.jpg", 
            "user": "user.6"
        }
    }, 
    {
        "pk": 112, 
        "model": "core.like", 
        "fields": {
            "liked": true, 
            "created_at": "2016-01-15T02:18:32.160372+00:00", 
            "image": "https://scontent.cdninstagram.com/hphotos-xaf1/t51.2885-15/s640x640/sh0.08/e35/12093243_871327162987112_1508086795_n.jpg", 
            "user": "user.6"
        }
    }, 
    {
        "pk": 113, 
        "model": "core.like", 
        "fields": {
            "liked": true, 
            "created_at": "2016-01-15T02:18:34.253430+00:00", 
            "image": "https://scontent.cdninstagram.com/hphotos-xaf1/t51.2885-15/e35/12142425_1480261268947184_1874790260_n.jpg", 
            "user": "user.6"
        }
    }, 
    {
        "pk": 114, 
        "model": "core.like", 
        "fields": {
            "liked": true, 
            "created_at": "2016-01-15T02:18:36.543022+00:00", 
            "image": "https://scontent.cdninstagram.com/hphotos-xfa1/t51.2885-15/s640x640/sh0.08/e35/12105197_902038693200357_1407657132_n.jpg", 
            "user": "user.6"
        }
    }, 
    {
        "pk": 115, 
        "model": "core.like", 
        "fields": {
            "liked": true, 
            "created_at": "2016-01-15T02:18:40.901392+00:00", 
            "image": "https://scontent.cdninstagram.com/hphotos-xaf1/t51.2885-15/e35/12070834_1609348952662281_2087102737_n.jpg", 
            "user": "user.6"
        }
    }, 
    {
        "pk": 116, 
        "model": "core.like", 
        "fields": {
            "liked": true, 
            "created_at": "2016-01-15T02:18:42.296651+00:00", 
            "image": "https://scontent.cdninstagram.com/hphotos-xaf1/t51.2885-15/s640x640/sh0.08/e35/12145564_513444952156196_2122980758_n.jpg", 
            "user": "user.6"
        }
    }, 
    {
        "pk": 117, 
        "model": "core.like", 
        "fields": {
            "liked": true, 
            "created_at": "2016-01-15T02:18:43.338544+00:00", 
            "image": "https://scontent.cdninstagram.com/hphotos-xaf1/t51.2885-15/s640x640/sh0.08/e35/11917749_739356766170952_1013867902_n.jpg", 
            "user": "user.6"
        }
    }, 
    {
        "pk": 118, 
        "model": "core.like", 
        "fields": {
            "liked": true, 
            "created_at": "2016-01-15T02:20:07.800815+00:00", 
            "image": "https://scontent.cdninstagram.com/hphotos-xaf1/t51.2885-15/e35/12135259_1512666515723967_1710404470_n.jpg", 
            "user": "user.6"
        }
    }, 
    {
        "pk": 119, 
        "model": "core.like", 
        "fields": {
            "liked": false, 
            "created_at": "2016-01-16T02:55:38.529360+00:00", 
            "image": "https://scontent.cdninstagram.com/hphotos-xaf1/t51.2885-15/s640x640/sh0.08/e35/12062988_1033449666686560_817363556_n.jpg", 
            "user": "user.7"
        }
    }, 
    {
        "pk": 120, 
        "model": "core.like", 
        "fields": {
            "liked": false, 
            "created_at": "2016-01-16T02:55:42.309704+00:00", 
            "image": "https://scontent.cdninstagram.com/hphotos-xaf1/t51.2885-15/s480x480/e35/12132868_1636672723269152_1931048345_n.jpg", 
            "user": "user.7"
        }
    }, 
    {
        "pk": 121, 
        "model": "core.like", 
        "fields": {
            "liked": true, 
            "created_at": "2016-01-16T02:55:46.738620+00:00", 
            "image": "https://scontent.cdninstagram.com/hphotos-xfp1/t51.2885-15/s480x480/e35/1741842_857670824329642_1889653066_n.jpg", 
            "user": "user.7"
        }
    }, 
    {
        "pk": 122, 
        "model": "core.like", 
        "fields": {
            "liked": false, 
            "created_at": "2016-01-16T02:55:54.251054+00:00", 
            "image": "https://scontent.cdninstagram.com/hphotos-xfp1/t51.2885-15/s640x640/sh0.08/e35/10004254_1513724438951392_647442349_n.jpg", 
            "user": "user.7"
        }
    }, 
    {
        "pk": 123, 
        "model": "core.like", 
        "fields": {
            "liked": false, 
            "created_at": "2016-01-16T02:56:55.483942+00:00", 
            "image": "https://scontent.cdninstagram.com/hphotos-xaf1/t51.2885-15/s640x640/sh0.08/e35/12135162_1685128251703476_18677668_n.jpg", 
            "user": "user.7"
        }
    }, 
    {
        "pk": 124, 
        "model": "core.like", 
        "fields": {
            "liked": true, 
            "created_at": "2016-01-16T02:57:02.444858+00:00", 
            "image": "https://scontent.cdninstagram.com/hphotos-xfa1/t51.2885-15/s640x640/sh0.08/e35/12080684_1063525063658324_510418099_n.jpg", 
            "user": "user.7"
        }
    }, 
    {
        "pk": 125, 
        "model": "core.like", 
        "fields": {
            "liked": false, 
            "created_at": "2016-01-16T02:57:08.354059+00:00", 
            "image": "https://scontent.cdninstagram.com/hphotos-xfa1/t51.2885-15/s640x640/sh0.08/e35/12145457_718298744981790_706193749_n.jpg", 
            "user": "user.7"
        }
    }, 
    {
        "pk": 126, 
        "model": "core.like", 
        "fields": {
            "liked": true, 
            "created_at": "2016-01-16T02:57:40.608337+00:00", 
            "image": "https://scontent.cdninstagram.com/hphotos-xfa1/t51.2885-15/s640x640/sh0.08/e35/12145445_1700296816870679_863448702_n.jpg", 
            "user": "user.7"
        }
    }, 
    {
        "pk": 127, 
        "model": "core.like", 
        "fields": {
            "liked": true, 
            "created_at": "2016-01-16T02:57:44.397229+00:00", 
            "image": "https://scontent.cdninstagram.com/hphotos-xfa1/t51.2885-15/s640x640/sh0.08/e35/12081122_1196883313660632_1397510800_n.jpg", 
            "user": "user.7"
        }
    }, 
    {
        "pk": 128, 
        "model": "core.like", 
        "fields": {
            "liked": true, 
            "created_at": "2016-01-16T02:58:01.046099+00:00", 
            "image": "https://scontent.cdninstagram.com/hphotos-xaf1/t51.2885-15/s640x640/sh0.08/e35/12070974_507168546135124_1886895784_n.jpg", 
            "user": "user.7"
        }
    }, 
    {
        "pk": 129, 
        "model": "core.like", 
        "fields": {
            "liked": true, 
            "created_at": "2016-01-16T04:19:36.047041+00:00", 
            "image": "https://scontent.cdninstagram.com/hphotos-xfa1/t51.2885-15/s640x640/sh0.08/e35/12142340_101710913524968_156765434_n.jpg", 
            "user": "user.7"
        }
    }, 
    {
        "pk": 130, 
        "model": "core.like", 
        "fields": {
            "liked": true, 
            "created_at": "2016-01-16T04:19:38.248390+00:00", 
            "image": "https://scontent.cdninstagram.com/hphotos-xaf1/t51.2885-15/s640x640/sh0.08/e35/12132942_576400835841444_1089975915_n.jpg", 
            "user": "user.7"
        }
    }, 
    {
        "pk": 131, 
        "model": "core.like", 
        "fields": {
            "liked": true, 
            "created_at": "2016-01-16T04:19:41.814713+00:00", 
            "image": "https://scontent.cdninstagram.com/hphotos-xaf1/t51.2885-15/s640x640/sh0.08/e35/12080602_172887316389083_518484821_n.jpg", 
            "user": "user.7"
        }
    }, 
    {
        "pk": 132, 
        "model": "core.like", 
        "fields": {
            "liked": false, 
            "created_at": "2016-01-16T04:19:44.462788+00:00", 
            "image": "https://scontent.cdninstagram.com/hphotos-xfa1/t51.2885-15/e15/12139601_1649874271935714_1966466144_n.jpg", 
            "user": "user.7"
        }
    }, 
    {
        "pk": 133, 
        "model": "core.like", 
        "fields": {
            "liked": true, 
            "created_at": "2016-01-16T04:19:50.573424+00:00", 
            "image": "https://scontent.cdninstagram.com/hphotos-xaf1/t51.2885-15/s640x640/sh0.08/e35/12071218_1474245456216673_2119555824_n.jpg", 
            "user": "user.7"
        }
    }, 
    {
        "pk": 134, 
        "model": "core.like", 
        "fields": {
            "liked": true, 
            "created_at": "2016-01-16T10:04:56.208727+00:00", 
            "image": "https://scontent.cdninstagram.com/hphotos-xaf1/t51.2885-15/s640x640/sh0.08/e35/12080644_1510273929294445_1867866618_n.jpg", 
            "user": "user.7"
        }
    }, 
    {
        "pk": 135, 
        "model": "core.like", 
        "fields": {
            "liked": true, 
            "created_at": "2016-02-04T07:48:40.945345+00:00", 
            "image": "https://scontent.cdninstagram.com/hphotos-xaf1/t51.2885-15/s640x640/sh0.08/e35/12106017_433618456843945_726949934_n.jpg", 
            "user": "user.8"
        }
    }, 
    {
        "pk": 136, 
        "model": "core.like", 
        "fields": {
            "liked": true, 
            "created_at": "2016-02-04T07:48:43.032362+00:00", 
            "image": "https://scontent.cdninstagram.com/hphotos-xfa1/t51.2885-15/s640x640/sh0.08/e35/12135359_502351369944955_1428903753_n.jpg", 
            "user": "user.8"
        }
    }, 
    {
        "pk": 137, 
        "model": "core.like", 
        "fields": {
            "liked": true, 
            "created_at": "2016-02-04T07:48:52.534159+00:00", 
            "image": "https://scontent.cdninstagram.com/hphotos-xaf1/t51.2885-15/s640x640/sh0.08/e35/12135244_103838166645629_871312658_n.jpg", 
            "user": "user.8"
        }
    }, 
    {
        "pk": 138, 
        "model": "core.like", 
        "fields": {
            "liked": true, 
            "created_at": "2016-02-04T07:49:06.023535+00:00", 
            "image": "https://scontent.cdninstagram.com/hphotos-xaf1/t51.2885-15/s640x640/sh0.08/e35/11374218_1513355258981636_751641223_n.jpg", 
            "user": "user.8"
        }
    }, 
    {
        "pk": 139, 
        "model": "core.like", 
        "fields": {
            "liked": true, 
            "created_at": "2016-02-04T07:49:10.004874+00:00", 
            "image": "https://scontent.cdninstagram.com/hphotos-xaf1/t51.2885-15/s640x640/sh0.08/e35/12105184_1019869894732246_846971986_n.jpg", 
            "user": "user.8"
        }
    }, 
    {
        "pk": 192, 
        "model": "core.like", 
        "fields": {
            "liked": true, 
            "created_at": "2016-02-12T04:52:47.509010+00:00", 
            "image": "https://scontent.cdninstagram.com/hphotos-xaf1/t51.2885-15/s640x640/sh0.08/e35/12139866_106869069674324_407088560_n.jpg", 
            "user": "user.10"
        }
    }, 
    {
        "pk": 193, 
        "model": "core.like", 
        "fields": {
            "liked": true, 
            "created_at": "2016-02-12T04:52:57.910294+00:00", 
            "image": "https://scontent.cdninstagram.com/hphotos-xfa1/t51.2885-15/s640x640/sh0.08/e35/11251748_777505079061387_1433718340_n.jpg", 
            "user": "user.10"
        }
    }, 
    {
        "pk": 194, 
        "model": "core.like", 
        "fields": {
            "liked": false, 
            "created_at": "2016-02-12T04:53:06.187752+00:00", 
            "image": "https://scontent.cdninstagram.com/hphotos-xaf1/t51.2885-15/s640x640/sh0.08/e35/12132942_576400835841444_1089975915_n.jpg", 
            "user": "user.10"
        }
    }, 
    {
        "pk": 195, 
        "model": "core.like", 
        "fields": {
            "liked": false, 
            "created_at": "2016-02-12T04:53:13.717149+00:00", 
            "image": "https://scontent.cdninstagram.com/hphotos-xaf1/t51.2885-15/s640x640/sh0.08/e35/12070854_152048008480860_35364240_n.jpg", 
            "user": "user.10"
        }
    }, 
    {
        "pk": 196, 
        "model": "core.like", 
        "fields": {
            "liked": true, 
            "created_at": "2016-02-12T04:53:20.957628+00:00", 
            "image": "https://scontent.cdninstagram.com/hphotos-xaf1/t51.2885-15/s640x640/sh0.08/e35/11375370_1091131100911630_1004557987_n.jpg", 
            "user": "user.10"
        }
    }, 
    {
        "pk": 149, 
        "model": "core.like", 
        "fields": {
            "liked": true, 
            "created_at": "2016-02-11T05:56:08.261829+00:00", 
            "image": "https://scontent.cdninstagram.com/hphotos-xaf1/t51.2885-15/s640x640/sh0.08/e35/12070882_153774248308517_1664302729_n.jpg", 
            "user": "user.10"
        }
    }, 
    {
        "pk": 150, 
        "model": "core.like", 
        "fields": {
            "liked": true, 
            "created_at": "2016-02-11T05:56:20.555247+00:00", 
            "image": "https://scontent.cdninstagram.com/hphotos-xaf1/t51.2885-15/s640x640/sh0.08/e35/12105067_895834433827162_357378046_n.jpg", 
            "user": "user.10"
        }
    }, 
    {
        "pk": 151, 
        "model": "core.like", 
        "fields": {
            "liked": false, 
            "created_at": "2016-02-11T05:56:26.354072+00:00", 
            "image": "https://scontent.cdninstagram.com/hphotos-xaf1/t51.2885-15/e35/12139720_1639776052963733_1463627657_n.jpg", 
            "user": "user.10"
        }
    }, 
    {
        "pk": 152, 
        "model": "core.like", 
        "fields": {
            "liked": true, 
            "created_at": "2016-02-11T05:56:30.725042+00:00", 
            "image": "https://scontent.cdninstagram.com/hphotos-xaf1/t51.2885-15/e35/12139690_892210247541468_841248950_n.jpg", 
            "user": "user.10"
        }
    }, 
    {
        "pk": 153, 
        "model": "core.like", 
        "fields": {
            "liked": false, 
            "created_at": "2016-02-11T05:56:42.599345+00:00", 
            "image": "https://scontent.cdninstagram.com/hphotos-xaf1/t51.2885-15/s640x640/sh0.08/e35/12139711_962542783814339_79338127_n.jpg", 
            "user": "user.10"
        }
    }, 
    {
        "pk": 154, 
        "model": "core.like", 
        "fields": {
            "liked": true, 
            "created_at": "2016-02-11T05:56:48.821561+00:00", 
            "image": "https://scontent.cdninstagram.com/hphotos-xfa1/t51.2885-15/s640x640/sh0.08/e35/12142220_1512146139101237_1402489829_n.jpg", 
            "user": "user.10"
        }
    }, 
    {
        "pk": 155, 
        "model": "core.like", 
        "fields": {
            "liked": true, 
            "created_at": "2016-02-11T05:57:35.694755+00:00", 
            "image": "https://scontent.cdninstagram.com/hphotos-xfa1/t51.2885-15/s640x640/sh0.08/e35/12120476_1642607756008249_253930507_n.jpg", 
            "user": "user.10"
        }
    }, 
    {
        "pk": 156, 
        "model": "core.like", 
        "fields": {
            "liked": true, 
            "created_at": "2016-02-11T05:57:39.104513+00:00", 
            "image": "https://scontent.cdninstagram.com/hphotos-xfa1/t51.2885-15/s640x640/sh0.08/e35/12139700_759797564143055_1662539356_n.jpg", 
            "user": "user.10"
        }
    }, 
    {
        "pk": 157, 
        "model": "core.like", 
        "fields": {
            "liked": true, 
            "created_at": "2016-02-11T05:57:41.529178+00:00", 
            "image": "https://scontent.cdninstagram.com/hphotos-xaf1/t51.2885-15/s320x320/e35/12139702_1503885079908625_159697051_n.jpg", 
            "user": "user.10"
        }
    }, 
    {
        "pk": 158, 
        "model": "core.like", 
        "fields": {
            "liked": true, 
            "created_at": "2016-02-11T05:57:47.336151+00:00", 
            "image": "https://scontent.cdninstagram.com/hphotos-xaf1/t51.2885-15/s640x640/sh0.08/e35/12139576_1643447282601658_631403203_n.jpg", 
            "user": "user.10"
        }
    }, 
    {
        "pk": 159, 
        "model": "core.like", 
        "fields": {
            "liked": true, 
            "created_at": "2016-02-11T05:57:47.927771+00:00", 
            "image": "https://scontent.cdninstagram.com/hphotos-xfa1/t51.2885-15/s640x640/sh0.08/e35/12071237_451764868358631_1107724158_n.jpg", 
            "user": "user.10"
        }
    }, 
    {
        "pk": 160, 
        "model": "core.like", 
        "fields": {
            "liked": false, 
            "created_at": "2016-02-11T05:57:52.071914+00:00", 
            "image": "https://scontent.cdninstagram.com/hphotos-xaf1/t51.2885-15/s640x640/sh0.08/e35/12145159_1176654269014911_1373406724_n.jpg", 
            "user": "user.10"
        }
    }, 
    {
        "pk": 161, 
        "model": "core.like", 
        "fields": {
            "liked": true, 
            "created_at": "2016-02-11T05:57:59.941752+00:00", 
            "image": "https://scontent.cdninstagram.com/hphotos-xaf1/t51.2885-15/s640x640/sh0.08/e35/12145365_1609134389361116_1896171021_n.jpg", 
            "user": "user.10"
        }
    }, 
    {
        "pk": 162, 
        "model": "core.like", 
        "fields": {
            "liked": true, 
            "created_at": "2016-02-11T06:07:00.065611+00:00", 
            "image": "https://scontent.cdninstagram.com/hphotos-xfa1/t51.2885-15/s640x640/sh0.08/e35/12142619_528301427344431_414284459_n.jpg", 
            "user": "user.10"
        }
    }, 
    {
        "pk": 163, 
        "model": "core.like", 
        "fields": {
            "liked": true, 
            "created_at": "2016-02-11T06:07:03.191514+00:00", 
            "image": "https://scontent.cdninstagram.com/hphotos-xaf1/t51.2885-15/s480x480/e35/12105052_168179790194461_1470423130_n.jpg", 
            "user": "user.10"
        }
    }, 
    {
        "pk": 164, 
        "model": "core.like", 
        "fields": {
            "liked": true, 
            "created_at": "2016-02-11T06:07:05.500821+00:00", 
            "image": "https://scontent.cdninstagram.com/hphotos-xaf1/t51.2885-15/s640x640/sh0.08/e35/12141957_511915235636807_370260912_n.jpg", 
            "user": "user.10"
        }
    }, 
    {
        "pk": 165, 
        "model": "core.like", 
        "fields": {
            "liked": true, 
            "created_at": "2016-02-11T06:07:15.172293+00:00", 
            "image": "https://scontent.cdninstagram.com/hphotos-xaf1/t51.2885-15/e35/12070912_1620709564848946_215656186_n.jpg", 
            "user": "user.10"
        }
    }, 
    {
        "pk": 166, 
        "model": "core.like", 
        "fields": {
            "liked": true, 
            "created_at": "2016-02-11T06:07:17.192066+00:00", 
            "image": "https://scontent.cdninstagram.com/hphotos-xfa1/t51.2885-15/s640x640/sh0.08/e35/12081197_1054254987960761_488376913_n.jpg", 
            "user": "user.10"
        }
    }, 
    {
        "pk": 167, 
        "model": "core.like", 
        "fields": {
            "liked": true, 
            "created_at": "2016-02-11T11:05:38.019808+00:00", 
            "image": "https://scontent.cdninstagram.com/hphotos-xaf1/t51.2885-15/s640x640/sh0.08/e35/11349378_950139025042614_1156372869_n.jpg", 
            "user": "user.11"
        }
    }, 
    {
        "pk": 168, 
        "model": "core.like", 
        "fields": {
            "liked": true, 
            "created_at": "2016-02-11T11:05:42.672876+00:00", 
            "image": "https://scontent.cdninstagram.com/hphotos-xaf1/t51.2885-15/s640x640/sh0.08/e35/1941000_1518909751762422_1313610321_n.jpg", 
            "user": "user.11"
        }
    }, 
    {
        "pk": 169, 
        "model": "core.like", 
        "fields": {
            "liked": true, 
            "created_at": "2016-02-11T11:05:45.942826+00:00", 
            "image": "https://scontent.cdninstagram.com/hphotos-xaf1/t51.2885-15/s640x640/sh0.08/e35/12142135_160410660977136_312447392_n.jpg", 
            "user": "user.11"
        }
    }, 
    {
        "pk": 170, 
        "model": "core.like", 
        "fields": {
            "liked": false, 
            "created_at": "2016-02-11T11:05:48.435577+00:00", 
            "image": "https://scontent.cdninstagram.com/hphotos-xaf1/t51.2885-15/s640x640/sh0.08/e35/12142002_989132711159219_794275939_n.jpg", 
            "user": "user.11"
        }
    }, 
    {
        "pk": 171, 
        "model": "core.like", 
        "fields": {
            "liked": false, 
            "created_at": "2016-02-11T11:05:51.902510+00:00", 
            "image": "https://scontent.cdninstagram.com/hphotos-xaf1/t51.2885-15/s640x640/sh0.08/e35/12106095_537395779750006_1853043087_n.jpg", 
            "user": "user.11"
        }
    }, 
    {
        "pk": 93, 
        "model": "core.like", 
        "fields": {
            "liked": true, 
            "created_at": "2015-12-23T08:17:09.121612+00:00", 
            "image": "https://scontent.cdninstagram.com/hphotos-xaf1/t51.2885-15/s640x640/sh0.08/e35/12071124_1631429090440985_131497624_n.jpg", 
            "user": "user.1"
        }
    }, 
    {
        "pk": 172, 
        "model": "core.like", 
        "fields": {
            "liked": false, 
            "created_at": "2016-02-11T11:05:54.431711+00:00", 
            "image": "https://scontent.cdninstagram.com/hphotos-xfa1/t51.2885-15/s640x640/sh0.08/e35/12132950_910128435689421_1713018439_n.jpg", 
            "user": "user.11"
        }
    }, 
    {
        "pk": 173, 
        "model": "core.like", 
        "fields": {
            "liked": true, 
            "created_at": "2016-02-11T11:12:48.352993+00:00", 
            "image": "https://scontent.cdninstagram.com/hphotos-xaf1/t51.2885-15/e35/12093432_473760599478676_1985656136_n.jpg", 
            "user": "user.12"
        }
    }, 
    {
        "pk": 174, 
        "model": "core.like", 
        "fields": {
            "liked": false, 
            "created_at": "2016-02-11T11:12:51.655232+00:00", 
            "image": "https://scontent.cdninstagram.com/hphotos-xpa1/t51.2885-15/s640x640/sh0.08/e35/924739_1649881678630296_908963703_n.jpg", 
            "user": "user.12"
        }
    }, 
    {
        "pk": 175, 
        "model": "core.like", 
        "fields": {
            "liked": false, 
            "created_at": "2016-02-11T11:12:56.493305+00:00", 
            "image": "https://scontent.cdninstagram.com/hphotos-xap1/t51.2885-15/s480x480/e35/924693_1640497136235466_1080750227_n.jpg", 
            "user": "user.12"
        }
    }, 
    {
        "pk": 176, 
        "model": "core.like", 
        "fields": {
            "liked": false, 
            "created_at": "2016-02-11T11:12:58.510869+00:00", 
            "image": "https://scontent.cdninstagram.com/hphotos-xpa1/t51.2885-15/s320x320/e35/1169827_549584751859919_1037601897_n.jpg", 
            "user": "user.12"
        }
    }, 
    {
        "pk": 177, 
        "model": "core.like", 
        "fields": {
            "liked": true, 
            "created_at": "2016-02-11T11:13:03.555486+00:00", 
            "image": "https://scontent.cdninstagram.com/hphotos-xaf1/t51.2885-15/s640x640/sh0.08/e35/12139623_651671988268840_219477163_n.jpg", 
            "user": "user.12"
        }
    }, 
    {
        "pk": 178, 
        "model": "core.like", 
        "fields": {
            "liked": true, 
            "created_at": "2016-02-11T11:13:05.850763+00:00", 
            "image": "https://scontent.cdninstagram.com/hphotos-xfa1/t51.2885-15/s640x640/sh0.08/e35/12107609_1024778080876696_125934382_n.jpg", 
            "user": "user.12"
        }
    }, 
    {
        "pk": 179, 
        "model": "core.like", 
        "fields": {
            "liked": true, 
            "created_at": "2016-02-11T11:13:08.095710+00:00", 
            "image": "https://scontent.cdninstagram.com/hphotos-xaf1/t51.2885-15/s640x640/sh0.08/e35/12135283_491608404344259_1714815777_n.jpg", 
            "user": "user.12"
        }
    }, 
    {
        "pk": 180, 
        "model": "core.like", 
        "fields": {
            "liked": true, 
            "created_at": "2016-02-11T11:13:18.128281+00:00", 
            "image": "https://scontent.cdninstagram.com/hphotos-xaf1/t51.2885-15/s640x640/sh0.08/e35/12142162_407854102744861_636004409_n.jpg", 
            "user": "user.12"
        }
    }, 
    {
        "pk": 181, 
        "model": "core.like", 
        "fields": {
            "liked": true, 
            "created_at": "2016-02-11T14:44:39.733843+00:00", 
            "image": "https://scontent.cdninstagram.com/hphotos-xaf1/t51.2885-15/s480x480/e35/12071224_1736607379900561_1754911026_n.jpg", 
            "user": "user.13"
        }
    }, 
    {
        "pk": 182, 
        "model": "core.like", 
        "fields": {
            "liked": true, 
            "created_at": "2016-02-11T14:44:40.368121+00:00", 
            "image": "https://scontent.cdninstagram.com/hphotos-xfa1/t51.2885-15/s640x640/sh0.08/e35/12142340_165708447110118_515919927_n.jpg", 
            "user": "user.13"
        }
    }, 
    {
        "pk": 183, 
        "model": "core.like", 
        "fields": {
            "liked": true, 
            "created_at": "2016-02-12T04:51:57.787464+00:00", 
            "image": "https://scontent.cdninstagram.com/hphotos-xfa1/t51.2885-15/e35/11337179_1695793373983741_1298653828_n.jpg", 
            "user": "user.10"
        }
    }, 
    {
        "pk": 184, 
        "model": "core.like", 
        "fields": {
            "liked": true, 
            "created_at": "2016-02-12T04:52:00.567077+00:00", 
            "image": "https://scontent.cdninstagram.com/hphotos-xaf1/t51.2885-15/s480x480/e35/12135223_1513023205675949_1836784742_n.jpg", 
            "user": "user.10"
        }
    }, 
    {
        "pk": 185, 
        "model": "core.like", 
        "fields": {
            "liked": false, 
            "created_at": "2016-02-12T04:52:08.069117+00:00", 
            "image": "https://scontent.cdninstagram.com/hphotos-xaf1/t51.2885-15/s640x640/sh0.08/e35/12106006_167780566899650_1790681159_n.jpg", 
            "user": "user.10"
        }
    }, 
    {
        "pk": 186, 
        "model": "core.like", 
        "fields": {
            "liked": false, 
            "created_at": "2016-02-12T04:52:10.115609+00:00", 
            "image": "https://scontent.cdninstagram.com/hphotos-xfa1/t51.2885-15/s640x640/sh0.08/e35/12142370_445075012365956_1020681299_n.jpg", 
            "user": "user.10"
        }
    }, 
    {
        "pk": 187, 
        "model": "core.like", 
        "fields": {
            "liked": true, 
            "created_at": "2016-02-12T04:52:14.075097+00:00", 
            "image": "https://scontent.cdninstagram.com/hphotos-xaf1/t51.2885-15/s640x640/sh0.08/e35/12142113_1510445572607763_503599559_n.jpg", 
            "user": "user.10"
        }
    }, 
    {
        "pk": 188, 
        "model": "core.like", 
        "fields": {
            "liked": true, 
            "created_at": "2016-02-12T04:52:15.818885+00:00", 
            "image": "https://scontent.cdninstagram.com/hphotos-xfa1/t51.2885-15/s640x640/sh0.08/e35/12132950_707877859314052_223647497_n.jpg", 
            "user": "user.10"
        }
    }, 
    {
        "pk": 189, 
        "model": "core.like", 
        "fields": {
            "liked": false, 
            "created_at": "2016-02-12T04:52:34.629897+00:00", 
            "image": "https://scontent.cdninstagram.com/hphotos-xfa1/t51.2885-15/e35/12139817_1641097509497429_2138705811_n.jpg", 
            "user": "user.10"
        }
    }, 
    {
        "pk": 190, 
        "model": "core.like", 
        "fields": {
            "liked": false, 
            "created_at": "2016-02-12T04:52:40.579900+00:00", 
            "image": "https://scontent.cdninstagram.com/hphotos-xaf1/t51.2885-15/e15/12120447_884982068237119_1371433309_n.jpg", 
            "user": "user.10"
        }
    }, 
    {
        "pk": 191, 
        "model": "core.like", 
        "fields": {
            "liked": false, 
            "created_at": "2016-02-12T04:52:44.306143+00:00", 
            "image": "https://scontent.cdninstagram.com/hphotos-xfa1/t51.2885-15/s640x640/sh0.08/e35/12144092_1631790343758018_1957095907_n.jpg", 
            "user": "user.10"
        }
    }, 
    {
        "pk": 197, 
        "model": "core.like", 
        "fields": {
            "liked": false, 
            "created_at": "2016-02-12T04:53:24.641084+00:00", 
            "image": "https://scontent.cdninstagram.com/hphotos-xaf1/t51.2885-15/s640x640/sh0.08/e35/12135420_1389991744633647_127917421_n.jpg", 
            "user": "user.10"
        }
    }, 
    {
        "pk": 198, 
        "model": "core.like", 
        "fields": {
            "liked": false, 
            "created_at": "2016-02-12T04:53:27.525199+00:00", 
            "image": "https://scontent.cdninstagram.com/hphotos-xaf1/t51.2885-15/e15/12139806_1634038403551436_1373816538_n.jpg", 
            "user": "user.10"
        }
    }, 
    {
        "pk": 199, 
        "model": "core.like", 
        "fields": {
            "liked": false, 
            "created_at": "2016-02-12T04:53:29.863512+00:00", 
            "image": "https://scontent.cdninstagram.com/hphotos-xaf1/t51.2885-15/s640x640/sh0.08/e35/12093288_1509895372660619_44039974_n.jpg", 
            "user": "user.10"
        }
    }, 
    {
        "pk": 200, 
        "model": "core.like", 
        "fields": {
            "liked": false, 
            "created_at": "2016-02-12T04:53:38.946971+00:00", 
            "image": "https://scontent.cdninstagram.com/hphotos-xfa1/t51.2885-15/s480x480/e35/12132800_430416163812813_353993741_n.jpg", 
            "user": "user.10"
        }
    }, 
    {
        "pk": 201, 
        "model": "core.like", 
        "fields": {
            "liked": false, 
            "created_at": "2016-02-12T04:53:46.319476+00:00", 
            "image": "https://scontent.cdninstagram.com/hphotos-xfa1/t51.2885-15/s640x640/sh0.08/e35/12107609_1513931485585553_744195772_n.jpg", 
            "user": "user.10"
        }
    }, 
    {
        "pk": 202, 
        "model": "core.like", 
        "fields": {
            "liked": false, 
            "created_at": "2016-02-12T04:53:51.196366+00:00", 
            "image": "https://scontent.cdninstagram.com/hphotos-xaf1/t51.2885-15/s320x320/e35/12107611_1720400161575809_1629693677_n.jpg", 
            "user": "user.10"
        }
    }, 
    {
        "pk": 203, 
        "model": "core.like", 
        "fields": {
            "liked": true, 
            "created_at": "2016-02-12T04:53:55.628902+00:00", 
            "image": "https://scontent.cdninstagram.com/hphotos-xaf1/t51.2885-15/s640x640/sh0.08/e35/12106159_1627416297520272_402101562_n.jpg", 
            "user": "user.10"
        }
    }, 
    {
        "pk": 204, 
        "model": "core.like", 
        "fields": {
            "liked": false, 
            "created_at": "2016-02-12T08:44:52.649055+00:00", 
            "image": "https://scontent.cdninstagram.com/hphotos-xfa1/t51.2885-15/e35/12106049_840223312765714_2021784835_n.jpg", 
            "user": "user.1"
        }
    }, 
    {
        "pk": 205, 
        "model": "core.like", 
        "fields": {
            "liked": false, 
            "created_at": "2016-02-12T08:44:55.976657+00:00", 
            "image": "https://scontent.cdninstagram.com/hphotos-xaf1/t51.2885-15/s640x640/sh0.08/e35/12093774_194528124213152_1395629326_n.jpg", 
            "user": "user.1"
        }
    }, 
    {
        "pk": 206, 
        "model": "core.like", 
        "fields": {
            "liked": false, 
            "created_at": "2016-02-12T08:45:01.819284+00:00", 
            "image": "https://scontent.cdninstagram.com/hphotos-xaf1/t51.2885-15/s640x640/sh0.08/e35/12070714_1633311566943694_802790548_n.jpg", 
            "user": "user.1"
        }
    }, 
    {
        "pk": 207, 
        "model": "core.like", 
        "fields": {
            "liked": true, 
            "created_at": "2016-02-12T08:45:06.786177+00:00", 
            "image": "https://scontent.cdninstagram.com/hphotos-xaf1/t51.2885-15/s640x640/sh0.08/e35/12105249_906342112794870_356966183_n.jpg", 
            "user": "user.1"
        }
    }, 
    {
        "pk": 208, 
        "model": "core.like", 
        "fields": {
            "liked": true, 
            "created_at": "2016-02-12T08:45:11.184409+00:00", 
            "image": "https://scontent.cdninstagram.com/hphotos-xaf1/t51.2885-15/s640x640/sh0.08/e35/12142686_546313108849404_1625353473_n.jpg", 
            "user": "user.1"
        }
    }, 
    {
        "pk": 209, 
        "model": "core.like", 
        "fields": {
            "liked": true, 
            "created_at": "2016-02-12T15:06:30.756691+00:00", 
            "image": "https://scontent.cdninstagram.com/hphotos-xaf1/t51.2885-15/s640x640/sh0.08/e35/12093799_407951876077017_1248868772_n.jpg", 
            "user": "user.14"
        }
    }, 
    {
        "pk": 210, 
        "model": "core.like", 
        "fields": {
            "liked": true, 
            "created_at": "2016-02-12T15:06:37.820866+00:00", 
            "image": "https://scontent.cdninstagram.com/hphotos-xaf1/t51.2885-15/s480x480/e35/12135238_475229759268661_20868394_n.jpg", 
            "user": "user.14"
        }
    }, 
    {
        "pk": 211, 
        "model": "core.like", 
        "fields": {
            "liked": true, 
            "created_at": "2016-02-12T15:06:40.507379+00:00", 
            "image": "https://scontent.cdninstagram.com/hphotos-xfa1/t51.2885-15/s640x640/sh0.08/e35/12106043_504729279708784_651403750_n.jpg", 
            "user": "user.14"
        }
    }, 
    {
        "pk": 212, 
        "model": "core.like", 
        "fields": {
            "liked": true, 
            "created_at": "2016-02-12T15:06:42.590943+00:00", 
            "image": "https://scontent.cdninstagram.com/hphotos-xaf1/t51.2885-15/s640x640/sh0.08/e35/12132873_429584497226962_1222240415_n.jpg", 
            "user": "user.14"
        }
    }, 
    {
        "pk": 213, 
        "model": "core.like", 
        "fields": {
            "liked": true, 
            "created_at": "2016-02-12T15:06:48.721085+00:00", 
            "image": "https://scontent.cdninstagram.com/hphotos-xaf1/t51.2885-15/s640x640/sh0.08/e35/12135469_1647432555530084_1724836627_n.jpg", 
            "user": "user.14"
        }
    }, 
    {
        "pk": 214, 
        "model": "core.like", 
        "fields": {
            "liked": true, 
            "created_at": "2016-02-12T15:06:52.543649+00:00", 
            "image": "https://scontent.cdninstagram.com/hphotos-xfa1/t51.2885-15/s640x640/sh0.08/e35/12070997_726064984195329_1359067644_n.jpg", 
            "user": "user.14"
        }
    }, 
    {
        "pk": 215, 
        "model": "core.like", 
        "fields": {
            "liked": true, 
            "created_at": "2016-02-12T15:07:00.442472+00:00", 
            "image": "https://scontent.cdninstagram.com/hphotos-xaf1/t51.2885-15/s640x640/sh0.08/e35/12142179_118455861846693_1684652578_n.jpg", 
            "user": "user.14"
        }
    }, 
    {
        "pk": 216, 
        "model": "core.like", 
        "fields": {
            "liked": true, 
            "created_at": "2016-02-12T15:07:03.866030+00:00", 
            "image": "https://scontent.cdninstagram.com/hphotos-xaf1/t51.2885-15/s640x640/sh0.08/e35/12144090_890868030967639_828883946_n.jpg", 
            "user": "user.14"
        }
    }, 
    {
        "pk": 217, 
        "model": "core.like", 
        "fields": {
            "liked": true, 
            "created_at": "2016-02-12T15:13:18.165291+00:00", 
            "image": "https://scontent.cdninstagram.com/hphotos-xaf1/t51.2885-15/s640x640/sh0.08/e35/12135156_787188924726772_1836382895_n.jpg", 
            "user": "user.14"
        }
    }, 
    {
        "pk": 218, 
        "model": "core.like", 
        "fields": {
            "liked": true, 
            "created_at": "2016-02-12T15:13:21.775970+00:00", 
            "image": "https://scontent.cdninstagram.com/hphotos-xaf1/t51.2885-15/s640x640/sh0.08/e35/11820471_450367551820825_702056100_n.jpg", 
            "user": "user.14"
        }
    }, 
    {
        "pk": 219, 
        "model": "core.like", 
        "fields": {
            "liked": true, 
            "created_at": "2016-02-12T15:13:30.845135+00:00", 
            "image": "https://scontent.cdninstagram.com/hphotos-xaf1/t51.2885-15/s640x640/sh0.08/e35/12142041_1066849066681001_297776264_n.jpg", 
            "user": "user.14"
        }
    }, 
    {
        "pk": 220, 
        "model": "core.like", 
        "fields": {
            "liked": true, 
            "created_at": "2016-02-12T15:13:34.171967+00:00", 
            "image": "https://scontent.cdninstagram.com/hphotos-xfa1/t51.2885-15/s320x320/e35/11374403_1681951682018907_1194492953_n.jpg", 
            "user": "user.14"
        }
    }, 
    {
        "pk": 221, 
        "model": "core.like", 
        "fields": {
            "liked": true, 
            "created_at": "2016-02-12T15:13:35.954668+00:00", 
            "image": "https://scontent.cdninstagram.com/hphotos-xfa1/t51.2885-15/s640x640/sh0.08/e35/12106064_1660410810870375_2121205971_n.jpg", 
            "user": "user.14"
        }
    }, 
    {
        "pk": 222, 
        "model": "core.like", 
        "fields": {
            "liked": true, 
            "created_at": "2016-02-12T15:13:38.516595+00:00", 
            "image": "https://scontent.cdninstagram.com/hphotos-xap1/t51.2885-15/e35/10843668_907286266025725_1665102792_n.jpg", 
            "user": "user.14"
        }
    }, 
    {
        "pk": 223, 
        "model": "core.like", 
        "fields": {
            "liked": true, 
            "created_at": "2016-02-12T15:13:42.011192+00:00", 
            "image": "https://scontent.cdninstagram.com/hphotos-xaf1/t51.2885-15/s640x640/sh0.08/e35/12081090_1695229194045298_826882930_n.jpg", 
            "user": "user.14"
        }
    }, 
    {
        "pk": 224, 
        "model": "core.like", 
        "fields": {
            "liked": true, 
            "created_at": "2016-02-12T15:13:47.435819+00:00", 
            "image": "https://scontent.cdninstagram.com/hphotos-xaf1/t51.2885-15/s480x480/e35/12142374_946213298750809_282095931_n.jpg", 
            "user": "user.14"
        }
    }, 
    {
        "pk": 225, 
        "model": "core.like", 
        "fields": {
            "liked": true, 
            "created_at": "2016-02-12T15:13:50.698800+00:00", 
            "image": "https://scontent.cdninstagram.com/hphotos-xaf1/t51.2885-15/s640x640/sh0.08/e35/11809903_184983841836802_1021559052_n.jpg", 
            "user": "user.14"
        }
    }, 
    {
        "pk": 226, 
        "model": "core.like", 
        "fields": {
            "liked": true, 
            "created_at": "2016-02-12T15:13:51.948473+00:00", 
            "image": "https://scontent.cdninstagram.com/hphotos-xaf1/t51.2885-15/s640x640/sh0.08/e35/12141829_1704165753136889_2089896451_n.jpg", 
            "user": "user.14"
        }
    }, 
    {
        "pk": 227, 
        "model": "core.like", 
        "fields": {
            "liked": false, 
            "created_at": "2016-02-12T15:13:54.007065+00:00", 
            "image": "https://scontent.cdninstagram.com/hphotos-xaf1/t51.2885-15/s640x640/sh0.08/e35/12141952_886531791428281_86665298_n.jpg", 
            "user": "user.14"
        }
    }, 
    {
        "pk": 228, 
        "model": "core.like", 
        "fields": {
            "liked": true, 
            "created_at": "2016-02-12T15:13:56.895485+00:00", 
            "image": "https://scontent.cdninstagram.com/hphotos-xaf1/t51.2885-15/s640x640/sh0.08/e35/12105031_1511221382525095_491418810_n.jpg", 
            "user": "user.14"
        }
    }, 
    {
        "pk": 229, 
        "model": "core.like", 
        "fields": {
            "liked": true, 
            "created_at": "2016-02-12T15:13:58.289288+00:00", 
            "image": "https://scontent.cdninstagram.com/hphotos-xfa1/t51.2885-15/s640x640/sh0.08/e35/12145559_1694612600758901_1969447390_n.jpg", 
            "user": "user.14"
        }
    }, 
    {
        "pk": 230, 
        "model": "core.like", 
        "fields": {
            "liked": true, 
            "created_at": "2016-02-12T15:14:04.274857+00:00", 
            "image": "https://scontent.cdninstagram.com/hphotos-xaf1/t51.2885-15/s640x640/sh0.08/e35/12145408_410291139164671_1372938110_n.jpg", 
            "user": "user.14"
        }
    }, 
    {
        "pk": 231, 
        "model": "core.like", 
        "fields": {
            "liked": true, 
            "created_at": "2016-02-12T15:14:06.673888+00:00", 
            "image": "https://scontent.cdninstagram.com/hphotos-xaf1/t51.2885-15/s480x480/e35/11355850_1514200092235314_591624195_n.jpg", 
            "user": "user.14"
        }
    }, 
    {
        "pk": 232, 
        "model": "core.like", 
        "fields": {
            "liked": true, 
            "created_at": "2016-02-12T15:14:10.205475+00:00", 
            "image": "https://scontent.cdninstagram.com/hphotos-xfa1/t51.2885-15/s640x640/sh0.08/e35/12070592_434609546734457_1355652436_n.jpg", 
            "user": "user.14"
        }
    }, 
    {
        "pk": 233, 
        "model": "core.like", 
        "fields": {
            "liked": true, 
            "created_at": "2016-02-15T10:14:32.574819+00:00", 
            "image": "https://scontent.cdninstagram.com/hphotos-xaf1/t51.2885-15/s640x640/sh0.08/e35/12093256_610229609135739_304662572_n.jpg", 
            "user": "user.14"
        }
    }, 
    {
        "pk": 234, 
        "model": "core.like", 
        "fields": {
            "liked": true, 
            "created_at": "2016-02-16T11:57:55.538792+00:00", 
            "image": "https://scontent.cdninstagram.com/hphotos-xfa1/t51.2885-15/s640x640/sh0.08/e35/12145580_964954513576290_1629952762_n.jpg", 
            "user": "user.14"
        }
    }, 
    {
        "pk": 235, 
        "model": "core.like", 
        "fields": {
            "liked": true, 
            "created_at": "2016-02-16T12:03:40.583949+00:00", 
            "image": "https://scontent.cdninstagram.com/hphotos-xaf1/t51.2885-15/s640x640/sh0.08/e35/12145413_895478680533479_706450782_n.jpg", 
            "user": "user.14"
        }
    }, 
    {
        "pk": 236, 
        "model": "core.like", 
        "fields": {
            "liked": true, 
            "created_at": "2016-02-16T12:04:33.647722+00:00", 
            "image": "https://scontent.cdninstagram.com/hphotos-xaf1/t51.2885-15/s640x640/sh0.08/e35/12145170_470569596478679_631664891_n.jpg", 
            "user": "user.14"
        }
    }, 
    {
        "pk": 237, 
        "model": "core.like", 
        "fields": {
            "liked": false, 
            "created_at": "2016-02-16T12:12:53.288003+00:00", 
            "image": "https://scontent.cdninstagram.com/hphotos-xpf1/t51.2885-15/s640x640/sh0.08/e35/10547360_1504019749898147_1102169092_n.jpg", 
            "user": "user.14"
        }
    }, 
    {
        "pk": 238, 
        "model": "core.like", 
        "fields": {
            "liked": false, 
            "created_at": "2016-02-16T12:14:12.191955+00:00", 
            "image": "https://scontent.cdninstagram.com/hphotos-xaf1/t51.2885-15/s320x320/e35/12135265_344364605738693_539117514_n.jpg", 
            "user": "user.14"
        }
    }, 
    {
        "pk": 239, 
        "model": "core.like", 
        "fields": {
            "liked": true, 
            "created_at": "2016-02-16T12:17:25.199310+00:00", 
            "image": "https://scontent.cdninstagram.com/hphotos-xaf1/t51.2885-15/s640x640/sh0.08/e35/12145228_187477604919451_1705223144_n.jpg", 
            "user": "user.14"
        }
    }
]