[
{
    "model": "core.like",
    "pk": 93,
    "fields": {
        "image": 481,
        "user": 1,
        "created_at": "2015-12-23T08:17:09.121Z",
        "liked": true
    }
},
{
    "model": "core.like",
    "pk": 94,
    "fields": {
        "image": 20854,
        "user": 1,
        "created_at": "2015-12-23T20:36:39.124Z",
        "liked": true
    }
},
{
    "model": "core.like",
    "pk": 95,
    "fields": {
        "image": 18570,
        "user": 1,
        "created_at": "2015-12-23T20:36:40.843Z",
        "liked": true
    }
},
{
    "model": "core.like",
    "pk": 96,
    "fields": {
        "image": 14496,
        "user": 1,
        "created_at": "2015-12-23T20:37:03.908Z",
        "liked": false
    }
},
{
    "model": "core.like",
    "pk": 97,
    "fields": {
        "image": 18200,
        "user": 1,
        "created_at": "2015-12-23T20:37:06.007Z",
        "liked": false
    }
},
{
    "model": "core.like",
    "pk": 98,
    "fields": {
        "image": 7373,
        "user": 1,
        "created_at": "2015-12-23T20:37:09.552Z",
        "liked": false
    }
},
{
    "model": "core.like",
    "pk": 99,
    "fields": {
        "image": 17251,
        "user": 1,
        "created_at": "2015-12-23T20:37:11.585Z",
        "liked": false
    }
},
{
    "model": "core.like",
    "pk": 100,
    "fields": {
        "image": 4935,
        "user": 1,
        "created_at": "2015-12-23T20:37:15.788Z",
        "liked": false
    }
},
{
    "model": "core.like",
    "pk": 101,
    "fields": {
        "image": 22344,
        "user": 2,
        "created_at": "2015-12-25T03:57:42.857Z",
        "liked": true
    }
},
{
    "model": "core.like",
    "pk": 102,
    "fields": {
        "image": 5573,
        "user": 2,
        "created_at": "2015-12-25T03:57:46.971Z",
        "liked": true
    }
},
{
    "model": "core.like",
    "pk": 103,
    "fields": {
        "image": 11480,
        "user": 2,
        "created_at": "2015-12-25T03:57:50.428Z",
        "liked": false
    }
},
{
    "model": "core.like",
    "pk": 104,
    "fields": {
        "image": 5960,
        "user": 2,
        "created_at": "2015-12-25T03:57:52.557Z",
        "liked": true
    }
},
{
    "model": "core.like",
    "pk": 105,
    "fields": {
        "image": 13544,
        "user": 2,
        "created_at": "2015-12-25T03:57:54.290Z",
        "liked": false
    }
},
{
    "model": "core.like",
    "pk": 106,
    "fields": {
        "image": 8244,
        "user": 6,
        "created_at": "2016-01-15T02:18:19.495Z",
        "liked": true
    }
},
{
    "model": "core.like",
    "pk": 107,
    "fields": {
        "image": 8981,
        "user": 6,
        "created_at": "2016-01-15T02:18:19.985Z",
        "liked": true
    }
},
{
    "model": "core.like",
    "pk": 108,
    "fields": {
        "image": 11474,
        "user": 6,
        "created_at": "2016-01-15T02:18:21.299Z",
        "liked": true
    }
},
{
    "model": "core.like",
    "pk": 109,
    "fields": {
        "image": 20153,
        "user": 6,
        "created_at": "2016-01-15T02:18:29.558Z",
        "liked": true
    }
},
{
    "model": "core.like",
    "pk": 110,
    "fields": {
        "image": 18175,
        "user": 6,
        "created_at": "2016-01-15T02:18:30.481Z",
        "liked": true
    }
},
{
    "model": "core.like",
    "pk": 111,
    "fields": {
        "image": 16412,
        "user": 6,
        "created_at": "2016-01-15T02:18:31.343Z",
        "liked": true
    }
},
{
    "model": "core.like",
    "pk": 112,
    "fields": {
        "image": 17974,
        "user": 6,
        "created_at": "2016-01-15T02:18:32.160Z",
        "liked": true
    }
},
{
    "model": "core.like",
    "pk": 113,
    "fields": {
        "image": 13948,
        "user": 6,
        "created_at": "2016-01-15T02:18:34.253Z",
        "liked": true
    }
},
{
    "model": "core.like",
    "pk": 114,
    "fields": {
        "image": 10756,
        "user": 6,
        "created_at": "2016-01-15T02:18:36.543Z",
        "liked": true
    }
},
{
    "model": "core.like",
    "pk": 115,
    "fields": {
        "image": 6500,
        "user": 6,
        "created_at": "2016-01-15T02:18:40.901Z",
        "liked": true
    }
},
{
    "model": "core.like",
    "pk": 116,
    "fields": {
        "image": 8516,
        "user": 6,
        "created_at": "2016-01-15T02:18:42.296Z",
        "liked": true
    }
},
{
    "model": "core.like",
    "pk": 117,
    "fields": {
        "image": 16095,
        "user": 6,
        "created_at": "2016-01-15T02:18:43.338Z",
        "liked": true
    }
},
{
    "model": "core.like",
    "pk": 118,
    "fields": {
        "image": 5033,
        "user": 6,
        "created_at": "2016-01-15T02:20:07.800Z",
        "liked": true
    }
},
{
    "model": "core.like",
    "pk": 119,
    "fields": {
        "image": 7311,
        "user": 7,
        "created_at": "2016-01-16T02:55:38.529Z",
        "liked": false
    }
},
{
    "model": "core.like",
    "pk": 120,
    "fields": {
        "image": 17948,
        "user": 7,
        "created_at": "2016-01-16T02:55:42.309Z",
        "liked": false
    }
},
{
    "model": "core.like",
    "pk": 121,
    "fields": {
        "image": 15085,
        "user": 7,
        "created_at": "2016-01-16T02:55:46.738Z",
        "liked": true
    }
},
{
    "model": "core.like",
    "pk": 122,
    "fields": {
        "image": 17679,
        "user": 7,
        "created_at": "2016-01-16T02:55:54.251Z",
        "liked": false
    }
},
{
    "model": "core.like",
    "pk": 123,
    "fields": {
        "image": 4623,
        "user": 7,
        "created_at": "2016-01-16T02:56:55.483Z",
        "liked": false
    }
},
{
    "model": "core.like",
    "pk": 124,
    "fields": {
        "image": 6587,
        "user": 7,
        "created_at": "2016-01-16T02:57:02.444Z",
        "liked": true
    }
},
{
    "model": "core.like",
    "pk": 125,
    "fields": {
        "image": 7317,
        "user": 7,
        "created_at": "2016-01-16T02:57:08.354Z",
        "liked": false
    }
},
{
    "model": "core.like",
    "pk": 126,
    "fields": {
        "image": 7664,
        "user": 7,
        "created_at": "2016-01-16T02:57:40.608Z",
        "liked": true
    }
},
{
    "model": "core.like",
    "pk": 127,
    "fields": {
        "image": 10083,
        "user": 7,
        "created_at": "2016-01-16T02:57:44.397Z",
        "liked": true
    }
},
{
    "model": "core.like",
    "pk": 128,
    "fields": {
        "image": 6501,
        "user": 7,
        "created_at": "2016-01-16T02:58:01.046Z",
        "liked": true
    }
},
{
    "model": "core.like",
    "pk": 129,
    "fields": {
        "image": 6556,
        "user": 7,
        "created_at": "2016-01-16T04:19:36.047Z",
        "liked": true
    }
},
{
    "model": "core.like",
    "pk": 130,
    "fields": {
        "image": 12456,
        "user": 7,
        "created_at": "2016-01-16T04:19:38.248Z",
        "liked": true
    }
},
{
    "model": "core.like",
    "pk": 131,
    "fields": {
        "image": 5676,
        "user": 7,
        "created_at": "2016-01-16T04:19:41.814Z",
        "liked": true
    }
},
{
    "model": "core.like",
    "pk": 132,
    "fields": {
        "image": 8590,
        "user": 7,
        "created_at": "2016-01-16T04:19:44.462Z",
        "liked": false
    }
},
{
    "model": "core.like",
    "pk": 133,
    "fields": {
        "image": 12470,
        "user": 7,
        "created_at": "2016-01-16T04:19:50.573Z",
        "liked": true
    }
},
{
    "model": "core.like",
    "pk": 134,
    "fields": {
        "image": 18685,
        "user": 7,
        "created_at": "2016-01-16T10:04:56.208Z",
        "liked": true
    }
},
{
    "model": "core.like",
    "pk": 135,
    "fields": {
        "image": 12787,
        "user": 8,
        "created_at": "2016-02-04T07:48:40.945Z",
        "liked": true
    }
},
{
    "model": "core.like",
    "pk": 136,
    "fields": {
        "image": 2145,
        "user": 8,
        "created_at": "2016-02-04T07:48:43.032Z",
        "liked": true
    }
},
{
    "model": "core.like",
    "pk": 137,
    "fields": {
        "image": 12116,
        "user": 8,
        "created_at": "2016-02-04T07:48:52.534Z",
        "liked": true
    }
},
{
    "model": "core.like",
    "pk": 138,
    "fields": {
        "image": 1033,
        "user": 8,
        "created_at": "2016-02-04T07:49:06.023Z",
        "liked": true
    }
},
{
    "model": "core.like",
    "pk": 139,
    "fields": {
        "image": 1408,
        "user": 8,
        "created_at": "2016-02-04T07:49:10.004Z",
        "liked": true
    }
},
{
    "model": "core.like",
    "pk": 149,
    "fields": {
        "image": 20343,
        "user": 10,
        "created_at": "2016-02-11T05:56:08.261Z",
        "liked": true
    }
},
{
    "model": "core.like",
    "pk": 150,
    "fields": {
        "image": 12858,
        "user": 10,
        "created_at": "2016-02-11T05:56:20.555Z",
        "liked": true
    }
},
{
    "model": "core.like",
    "pk": 151,
    "fields": {
        "image": 10622,
        "user": 10,
        "created_at": "2016-02-11T05:56:26.354Z",
        "liked": false
    }
},
{
    "model": "core.like",
    "pk": 152,
    "fields": {
        "image": 10563,
        "user": 10,
        "created_at": "2016-02-11T05:56:30.725Z",
        "liked": true
    }
},
{
    "model": "core.like",
    "pk": 153,
    "fields": {
        "image": 12423,
        "user": 10,
        "created_at": "2016-02-11T05:56:42.599Z",
        "liked": false
    }
},
{
    "model": "core.like",
    "pk": 154,
    "fields": {
        "image": 8125,
        "user": 10,
        "created_at": "2016-02-11T05:56:48.821Z",
        "liked": true
    }
},
{
    "model": "core.like",
    "pk": 155,
    "fields": {
        "image": 16116,
        "user": 10,
        "created_at": "2016-02-11T05:57:35.694Z",
        "liked": true
    }
},
{
    "model": "core.like",
    "pk": 156,
    "fields": {
        "image": 8002,
        "user": 10,
        "created_at": "2016-02-11T05:57:39.104Z",
        "liked": true
    }
},
{
    "model": "core.like",
    "pk": 157,
    "fields": {
        "image": 2022,
        "user": 10,
        "created_at": "2016-02-11T05:57:41.529Z",
        "liked": true
    }
},
{
    "model": "core.like",
    "pk": 158,
    "fields": {
        "image": 5383,
        "user": 10,
        "created_at": "2016-02-11T05:57:47.336Z",
        "liked": true
    }
},
{
    "model": "core.like",
    "pk": 159,
    "fields": {
        "image": 19806,
        "user": 10,
        "created_at": "2016-02-11T05:57:47.927Z",
        "liked": true
    }
},
{
    "model": "core.like",
    "pk": 160,
    "fields": {
        "image": 496,
        "user": 10,
        "created_at": "2016-02-11T05:57:52.071Z",
        "liked": false
    }
},
{
    "model": "core.like",
    "pk": 161,
    "fields": {
        "image": 21413,
        "user": 10,
        "created_at": "2016-02-11T05:57:59.941Z",
        "liked": true
    }
},
{
    "model": "core.like",
    "pk": 162,
    "fields": {
        "image": 8502,
        "user": 10,
        "created_at": "2016-02-11T06:07:00.065Z",
        "liked": true
    }
},
{
    "model": "core.like",
    "pk": 163,
    "fields": {
        "image": 2233,
        "user": 10,
        "created_at": "2016-02-11T06:07:03.191Z",
        "liked": true
    }
},
{
    "model": "core.like",
    "pk": 164,
    "fields": {
        "image": 20045,
        "user": 10,
        "created_at": "2016-02-11T06:07:05.500Z",
        "liked": true
    }
},
{
    "model": "core.like",
    "pk": 165,
    "fields": {
        "image": 11722,
        "user": 10,
        "created_at": "2016-02-11T06:07:15.172Z",
        "liked": true
    }
},
{
    "model": "core.like",
    "pk": 166,
    "fields": {
        "image": 3198,
        "user": 10,
        "created_at": "2016-02-11T06:07:17.192Z",
        "liked": true
    }
},
{
    "model": "core.like",
    "pk": 167,
    "fields": {
        "image": 4382,
        "user": 11,
        "created_at": "2016-02-11T11:05:38.019Z",
        "liked": true
    }
},
{
    "model": "core.like",
    "pk": 168,
    "fields": {
        "image": 17605,
        "user": 11,
        "created_at": "2016-02-11T11:05:42.672Z",
        "liked": true
    }
},
{
    "model": "core.like",
    "pk": 169,
    "fields": {
        "image": 19058,
        "user": 11,
        "created_at": "2016-02-11T11:05:45.942Z",
        "liked": true
    }
},
{
    "model": "core.like",
    "pk": 170,
    "fields": {
        "image": 999,
        "user": 11,
        "created_at": "2016-02-11T11:05:48.435Z",
        "liked": false
    }
},
{
    "model": "core.like",
    "pk": 171,
    "fields": {
        "image": 20892,
        "user": 11,
        "created_at": "2016-02-11T11:05:51.902Z",
        "liked": false
    }
},
{
    "model": "core.like",
    "pk": 172,
    "fields": {
        "image": 19383,
        "user": 11,
        "created_at": "2016-02-11T11:05:54.431Z",
        "liked": false
    }
},
{
    "model": "core.like",
    "pk": 173,
    "fields": {
        "image": 20514,
        "user": 12,
        "created_at": "2016-02-11T11:12:48.352Z",
        "liked": true
    }
},
{
    "model": "core.like",
    "pk": 174,
    "fields": {
        "image": 19946,
        "user": 12,
        "created_at": "2016-02-11T11:12:51.655Z",
        "liked": false
    }
},
{
    "model": "core.like",
    "pk": 175,
    "fields": {
        "image": 5089,
        "user": 12,
        "created_at": "2016-02-11T11:12:56.493Z",
        "liked": false
    }
},
{
    "model": "core.like",
    "pk": 176,
    "fields": {
        "image": 14219,
        "user": 12,
        "created_at": "2016-02-11T11:12:58.510Z",
        "liked": false
    }
},
{
    "model": "core.like",
    "pk": 177,
    "fields": {
        "image": 17801,
        "user": 12,
        "created_at": "2016-02-11T11:13:03.555Z",
        "liked": true
    }
},
{
    "model": "core.like",
    "pk": 178,
    "fields": {
        "image": 15900,
        "user": 12,
        "created_at": "2016-02-11T11:13:05.850Z",
        "liked": true
    }
},
{
    "model": "core.like",
    "pk": 179,
    "fields": {
        "image": 4982,
        "user": 12,
        "created_at": "2016-02-11T11:13:08.095Z",
        "liked": true
    }
},
{
    "model": "core.like",
    "pk": 180,
    "fields": {
        "image": 16689,
        "user": 12,
        "created_at": "2016-02-11T11:13:18.128Z",
        "liked": true
    }
},
{
    "model": "core.like",
    "pk": 181,
    "fields": {
        "image": 7832,
        "user": 13,
        "created_at": "2016-02-11T14:44:39.733Z",
        "liked": true
    }
},
{
    "model": "core.like",
    "pk": 182,
    "fields": {
        "image": 14671,
        "user": 13,
        "created_at": "2016-02-11T14:44:40.368Z",
        "liked": true
    }
},
{
    "model": "core.like",
    "pk": 183,
    "fields": {
        "image": 922,
        "user": 10,
        "created_at": "2016-02-12T04:51:57.787Z",
        "liked": true
    }
},
{
    "model": "core.like",
    "pk": 184,
    "fields": {
        "image": 12854,
        "user": 10,
        "created_at": "2016-02-12T04:52:00.567Z",
        "liked": true
    }
},
{
    "model": "core.like",
    "pk": 185,
    "fields": {
        "image": 11498,
        "user": 10,
        "created_at": "2016-02-12T04:52:08.069Z",
        "liked": false
    }
},
{
    "model": "core.like",
    "pk": 186,
    "fields": {
        "image": 20515,
        "user": 10,
        "created_at": "2016-02-12T04:52:10.115Z",
        "liked": false
    }
},
{
    "model": "core.like",
    "pk": 187,
    "fields": {
        "image": 4279,
        "user": 10,
        "created_at": "2016-02-12T04:52:14.075Z",
        "liked": true
    }
},
{
    "model": "core.like",
    "pk": 188,
    "fields": {
        "image": 18120,
        "user": 10,
        "created_at": "2016-02-12T04:52:15.818Z",
        "liked": true
    }
},
{
    "model": "core.like",
    "pk": 189,
    "fields": {
        "image": 13512,
        "user": 10,
        "created_at": "2016-02-12T04:52:34.629Z",
        "liked": false
    }
},
{
    "model": "core.like",
    "pk": 190,
    "fields": {
        "image": 9762,
        "user": 10,
        "created_at": "2016-02-12T04:52:40.579Z",
        "liked": false
    }
},
{
    "model": "core.like",
    "pk": 191,
    "fields": {
        "image": 4871,
        "user": 10,
        "created_at": "2016-02-12T04:52:44.306Z",
        "liked": false
    }
},
{
    "model": "core.like",
    "pk": 192,
    "fields": {
        "image": 5512,
        "user": 10,
        "created_at": "2016-02-12T04:52:47.509Z",
        "liked": true
    }
},
{
    "model": "core.like",
    "pk": 193,
    "fields": {
        "image": 15153,
        "user": 10,
        "created_at": "2016-02-12T04:52:57.910Z",
        "liked": true
    }
},
{
    "model": "core.like",
    "pk": 194,
    "fields": {
        "image": 12456,
        "user": 10,
        "created_at": "2016-02-12T04:53:06.187Z",
        "liked": false
    }
},
{
    "model": "core.like",
    "pk": 195,
    "fields": {
        "image": 6303,
        "user": 10,
        "created_at": "2016-02-12T04:53:13.717Z",
        "liked": false
    }
},
{
    "model": "core.like",
    "pk": 196,
    "fields": {
        "image": 8387,
        "user": 10,
        "created_at": "2016-02-12T04:53:20.957Z",
        "liked": true
    }
},
{
    "model": "core.like",
    "pk": 197,
    "fields": {
        "image": 10932,
        "user": 10,
        "created_at": "2016-02-12T04:53:24.641Z",
        "liked": false
    }
},
{
    "model": "core.like",
    "pk": 198,
    "fields": {
        "image": 10023,
        "user": 10,
        "created_at": "2016-02-12T04:53:27.525Z",
        "liked": false
    }
},
{
    "model": "core.like",
    "pk": 199,
    "fields": {
        "image": 4217,
        "user": 10,
        "created_at": "2016-02-12T04:53:29.863Z",
        "liked": false
    }
},
{
    "model": "core.like",
    "pk": 200,
    "fields": {
        "image": 20320,
        "user": 10,
        "created_at": "2016-02-12T04:53:38.946Z",
        "liked": false
    }
},
{
    "model": "core.like",
    "pk": 201,
    "fields": {
        "image": 18767,
        "user": 10,
        "created_at": "2016-02-12T04:53:46.319Z",
        "liked": false
    }
},
{
    "model": "core.like",
    "pk": 202,
    "fields": {
        "image": 7555,
        "user": 10,
        "created_at": "2016-02-12T04:53:51.196Z",
        "liked": false
    }
},
{
    "model": "core.like",
    "pk": 203,
    "fields": {
        "image": 11862,
        "user": 10,
        "created_at": "2016-02-12T04:53:55.628Z",
        "liked": true
    }
},
{
    "model": "core.like",
    "pk": 204,
    "fields": {
        "image": 11521,
        "user": 1,
        "created_at": "2016-02-12T08:44:52.649Z",
        "liked": false
    }
},
{
    "model": "core.like",
    "pk": 205,
    "fields": {
        "image": 21225,
        "user": 1,
        "created_at": "2016-02-12T08:44:55.976Z",
        "liked": false
    }
},
{
    "model": "core.like",
    "pk": 206,
    "fields": {
        "image": 18723,
        "user": 1,
        "created_at": "2016-02-12T08:45:01.819Z",
        "liked": false
    }
},
{
    "model": "core.like",
    "pk": 207,
    "fields": {
        "image": 12099,
        "user": 1,
        "created_at": "2016-02-12T08:45:06.786Z",
        "liked": true
    }
},
{
    "model": "core.like",
    "pk": 208,
    "fields": {
        "image": 16302,
        "user": 1,
        "created_at": "2016-02-12T08:45:11.184Z",
        "liked": true
    }
},
{
    "model": "core.like",
    "pk": 209,
    "fields": {
        "image": 8209,
        "user": 14,
        "created_at": "2016-02-12T15:06:30.756Z",
        "liked": true
    }
},
{
    "model": "core.like",
    "pk": 210,
    "fields": {
        "image": 5155,
        "user": 14,
        "created_at": "2016-02-12T15:06:37.820Z",
        "liked": true
    }
},
{
    "model": "core.like",
    "pk": 211,
    "fields": {
        "image": 6566,
        "user": 14,
        "created_at": "2016-02-12T15:06:40.507Z",
        "liked": true
    }
},
{
    "model": "core.like",
    "pk": 212,
    "fields": {
        "image": 19296,
        "user": 14,
        "created_at": "2016-02-12T15:06:42.590Z",
        "liked": true
    }
},
{
    "model": "core.like",
    "pk": 213,
    "fields": {
        "image": 15184,
        "user": 14,
        "created_at": "2016-02-12T15:06:48.721Z",
        "liked": true
    }
},
{
    "model": "core.like",
    "pk": 214,
    "fields": {
        "image": 15716,
        "user": 14,
        "created_at": "2016-02-12T15:06:52.543Z",
        "liked": true
    }
},
{
    "model": "core.like",
    "pk": 215,
    "fields": {
        "image": 901,
        "user": 14,
        "created_at": "2016-02-12T15:07:00.442Z",
        "liked": true
    }
},
{
    "model": "core.like",
    "pk": 216,
    "fields": {
        "image": 10754,
        "user": 14,
        "created_at": "2016-02-12T15:07:03.866Z",
        "liked": true
    }
},
{
    "model": "core.like",
    "pk": 217,
    "fields": {
        "image": 11404,
        "user": 14,
        "created_at": "2016-02-12T15:13:18.165Z",
        "liked": true
    }
},
{
    "model": "core.like",
    "pk": 218,
    "fields": {
        "image": 11184,
        "user": 14,
        "created_at": "2016-02-12T15:13:21.775Z",
        "liked": true
    }
},
{
    "model": "core.like",
    "pk": 219,
    "fields": {
        "image": 14121,
        "user": 14,
        "created_at": "2016-02-12T15:13:30.845Z",
        "liked": true
    }
},
{
    "model": "core.like",
    "pk": 220,
    "fields": {
        "image": 6693,
        "user": 14,
        "created_at": "2016-02-12T15:13:34.171Z",
        "liked": true
    }
},
{
    "model": "core.like",
    "pk": 221,
    "fields": {
        "image": 14068,
        "user": 14,
        "created_at": "2016-02-12T15:13:35.954Z",
        "liked": true
    }
},
{
    "model": "core.like",
    "pk": 222,
    "fields": {
        "image": 10050,
        "user": 14,
        "created_at": "2016-02-12T15:13:38.516Z",
        "liked": true
    }
},
{
    "model": "core.like",
    "pk": 223,
    "fields": {
        "image": 14640,
        "user": 14,
        "created_at": "2016-02-12T15:13:42.011Z",
        "liked": true
    }
},
{
    "model": "core.like",
    "pk": 224,
    "fields": {
        "image": 11273,
        "user": 14,
        "created_at": "2016-02-12T15:13:47.435Z",
        "liked": true
    }
},
{
    "model": "core.like",
    "pk": 225,
    "fields": {
        "image": 1909,
        "user": 14,
        "created_at": "2016-02-12T15:13:50.698Z",
        "liked": true
    }
},
{
    "model": "core.like",
    "pk": 226,
    "fields": {
        "image": 21845,
        "user": 14,
        "created_at": "2016-02-12T15:13:51.948Z",
        "liked": true
    }
},
{
    "model": "core.like",
    "pk": 227,
    "fields": {
        "image": 15364,
        "user": 14,
        "created_at": "2016-02-12T15:13:54.007Z",
        "liked": false
    }
},
{
    "model": "core.like",
    "pk": 228,
    "fields": {
        "image": 14600,
        "user": 14,
        "created_at": "2016-02-12T15:13:56.895Z",
        "liked": true
    }
},
{
    "model": "core.like",
    "pk": 229,
    "fields": {
        "image": 20447,
        "user": 14,
        "created_at": "2016-02-12T15:13:58.289Z",
        "liked": true
    }
},
{
    "model": "core.like",
    "pk": 230,
    "fields": {
        "image": 17457,
        "user": 14,
        "created_at": "2016-02-12T15:14:04.274Z",
        "liked": true
    }
},
{
    "model": "core.like",
    "pk": 231,
    "fields": {
        "image": 6546,
        "user": 14,
        "created_at": "2016-02-12T15:14:06.673Z",
        "liked": true
    }
},
{
    "model": "core.like",
    "pk": 232,
    "fields": {
        "image": 591,
        "user": 14,
        "created_at": "2016-02-12T15:14:10.205Z",
        "liked": true
    }
},
{
    "model": "core.like",
    "pk": 233,
    "fields": {
        "image": 11116,
        "user": 14,
        "created_at": "2016-02-15T10:14:32.574Z",
        "liked": true
    }
}
]
