entity_id,event,target_entity_id,event_time
1,like,250,2015-12-23T08:17:09.121612+00:00
10,dislike,182,2016-02-11T05:57:52.071914+00:00
14,like,50,2016-02-12T15:14:10.205475+00:00
14,like,2,2016-02-12T15:07:00.442472+00:00
10,like,330,2016-02-12T04:51:57.787464+00:00
11,dislike,3,2016-02-11T11:05:48.435577+00:00
8,like,341,2016-02-04T07:49:06.023535+00:00
8,like,158,2016-02-04T07:49:10.004874+00:00
14,like,39,2016-02-12T15:13:50.698800+00:00
10,like,153,2016-02-11T05:57:41.529178+00:00
8,like,45,2016-02-04T07:48:43.032362+00:00
10,like,484,2016-02-11T06:07:03.191514+00:00
10,like,384,2016-02-11T06:07:17.192066+00:00
10,dislike,69,2016-02-12T04:53:29.863512+00:00
10,like,236,2016-02-12T04:52:14.075097+00:00
11,like,250,2016-02-11T11:05:38.019808+00:00
14,like,250,2016-02-10T12:17:25.199310+00:00
7,dislike,124,2016-01-16T02:56:55.483942+00:00
10,dislike,250,2016-02-12T04:52:44.306143+00:00
1,dislike,195,2015-12-23T20:37:15.788131+00:00
12,like,70,2016-02-11T11:13:08.095710+00:00
6,like,161,2016-01-15T02:20:07.800815+00:00
12,dislike,291,2016-02-11T11:12:56.493305+00:00
14,like,250,2016-02-12T15:06:37.820866+00:00
10,like,84,2016-02-11T05:57:47.336151+00:00
10,like,264,2016-02-12T04:52:47.509010+00:00
2,like,174,2015-12-25T03:57:46.971691+00:00
7,like,303,2016-01-16T04:19:41.814713+00:00
2,like,67,2015-12-25T03:57:52.557246+00:00
10,dislike,126,2016-02-12T04:53:13.717149+00:00
6,like,273,2016-01-15T02:18:40.901392+00:00
7,like,108,2016-01-16T02:58:01.046099+00:00
14,like,62,2016-02-12T15:14:06.673888+00:00
7,like,462,2016-01-16T04:19:36.047041+00:00
14,like,313,2016-02-12T15:06:40.507379+00:00
7,like,83,2016-01-16T02:57:02.444858+00:00
14,like,187,2016-02-12T15:13:34.171967+00:00
7,dislike,144,2016-01-16T02:55:38.529360+00:00
7,dislike,421,2016-01-16T02:57:08.354059+00:00
1,dislike,473,2015-12-23T20:37:09.552524+00:00
10,dislike,403,2016-02-12T04:53:51.196366+00:00
7,like,106,2016-01-16T02:57:40.608337+00:00
13,like,374,2016-02-11T14:44:39.733843+00:00
10,like,385,2016-02-11T05:57:39.104513+00:00
10,like,74,2016-02-11T05:56:48.821561+00:00
14,like,233,2016-02-12T15:06:30.756691+00:00
6,like,429,2016-01-15T02:18:19.495449+00:00
10,like,450,2016-02-12T04:53:20.957628+00:00
10,like,390,2016-02-11T06:07:00.065611+00:00
6,like,378,2016-01-15T02:18:42.296651+00:00
7,dislike,317,2016-01-16T04:19:44.462788+00:00
6,like,250,2016-01-15T02:18:19.985568+00:00
10,dislike,204,2016-02-12T04:52:40.579900+00:00
10,dislike,163,2016-02-12T04:53:27.525199+00:00
14,like,105,2016-02-12T15:13:38.516595+00:00
7,like,250,2016-01-16T02:57:44.397229+00:00
14,dislike,451,2016-02-16T12:12:53.288003+00:00
10,like,5,2016-02-11T05:56:30.725042+00:00
10,dislike,239,2016-02-11T05:56:26.354072+00:00
14,like,209,2016-02-12T15:07:03.866030+00:00
6,like,379,2016-01-15T02:18:36.543022+00:00
10,dislike,212,2016-02-12T04:53:24.641084+00:00
14,like,424,2016-02-15T10:14:32.574819+00:00
14,like,44,2016-02-12T15:13:21.775970+00:00
14,like,305,2016-02-12T15:13:47.435819+00:00
14,like,322,2016-02-12T15:13:18.165291+00:00
6,like,175,2016-01-15T02:18:21.299937+00:00
2,dislike,250,2015-12-25T03:57:50.428665+00:00
10,dislike,441,2016-02-12T04:52:08.069117+00:00
1,dislike,250,2016-02-12T08:44:52.649055+00:00
10,like,413,2016-02-11T06:07:15.172293+00:00
10,like,476,2016-02-12T04:53:55.628902+00:00
1,like,268,2016-02-12T08:45:06.786177+00:00
8,like,230,2016-02-04T07:48:52.534159+00:00
14,dislike,159,2016-02-16T12:14:12.191955+00:00
10,dislike,345,2016-02-11T05:56:42.599345+00:00
7,like,82,2016-01-16T04:19:38.248390+00:00
10,dislike,82,2016-02-12T04:53:06.187752+00:00
7,like,469,2016-01-16T04:19:50.573424+00:00
8,like,12,2016-02-04T07:48:40.945345+00:00
10,like,55,2016-02-12T04:52:00.567077+00:00
10,like,152,2016-02-11T05:56:20.555247+00:00
10,dislike,226,2016-02-12T04:52:34.629897+00:00
2,dislike,338,2015-12-25T03:57:54.290399+00:00
6,like,306,2016-01-15T02:18:34.253430+00:00
14,like,381,2016-02-12T15:13:35.954668+00:00
14,like,93,2016-02-12T15:13:30.845135+00:00
12,dislike,166,2016-02-11T11:12:58.510869+00:00
1,dislike,249,2015-12-23T20:37:03.908567+00:00
14,like,318,2016-02-12T15:13:56.895485+00:00
14,like,490,2016-02-12T15:13:42.011192+00:00
13,like,346,2016-02-11T14:44:40.368121+00:00
7,like,466,2016-01-16T02:55:46.738620+00:00
10,like,314,2016-02-12T04:52:57.910294+00:00
14,like,141,2016-02-12T15:06:48.721085+00:00
14,dislike,185,2016-02-12T15:13:54.007065+00:00
14,like,358,2016-02-16T11:57:55.538792+00:00
14,like,321,2016-02-12T15:06:52.543649+00:00
12,like,125,2016-02-11T11:13:05.850763+00:00
6,like,434,2016-01-15T02:18:43.338544+00:00
10,like,203,2016-02-11T05:57:35.694755+00:00
1,like,110,2016-02-12T08:45:11.184409+00:00
6,like,189,2016-01-15T02:18:31.343116+00:00
12,like,0,2016-02-11T11:13:18.128281+00:00
1,dislike,290,2015-12-23T20:37:11.585121+00:00
14,like,88,2016-02-12T15:14:04.274857+00:00
11,like,49,2016-02-11T11:05:42.672876+00:00
7,dislike,136,2016-01-16T02:55:54.251054+00:00
12,like,26,2016-02-11T11:13:03.555486+00:00
7,dislike,184,2016-01-16T02:55:42.309704+00:00
6,like,320,2016-01-15T02:18:32.160372+00:00
10,like,311,2016-02-12T04:52:15.818885+00:00
6,like,127,2016-01-15T02:18:30.481176+00:00
1,dislike,8,2015-12-23T20:37:06.007738+00:00
1,like,477,2015-12-23T20:36:40.843976+00:00
7,like,177,2016-01-16T10:04:56.208727+00:00
1,dislike,154,2016-02-12T08:45:01.819284+00:00
10,dislike,200,2016-02-12T04:53:46.319476+00:00
11,like,180,2016-02-11T11:05:45.942826+00:00
14,like,326,2016-02-12T15:06:42.590943+00:00
11,dislike,14,2016-02-11T11:05:54.431711+00:00
10,like,128,2016-02-11T05:57:47.927771+00:00
12,dislike,9,2016-02-11T11:12:51.655232+00:00
14,like,48,2016-02-16T12:03:40.583949+00:00
10,like,391,2016-02-11T06:07:05.500821+00:00
6,like,334,2016-01-15T02:18:29.558004+00:00
10,dislike,178,2016-02-12T04:53:38.946971+00:00
10,like,420,2016-02-11T05:56:08.261829+00:00
14,like,117,2016-02-12T15:13:58.289288+00:00
12,like,458,2016-02-11T11:12:48.352993+00:00
10,dislike,402,2016-02-12T04:52:10.115609+00:00
14,like,300,2016-02-16T12:04:33.647722+00:00
1,like,196,2015-12-23T20:36:39.124367+00:00
11,dislike,135,2016-02-11T11:05:51.902510+00:00
1,dislike,464,2016-02-12T08:44:55.976657+00:00
10,like,275,2016-02-11T05:57:59.941752+00:00
14,like,474,2016-02-12T15:13:51.948473+00:00
2,like,22,2015-12-25T03:57:42.857794+00:00
